Year,EST,Max_TemperatureF,Mean_TemperatureF,Min_TemperatureF,Max_Dew_PointF,MeanDew_PointF,Min_DewpointF,Max_Humidity,Mean_Humidity,Min_Humidity,Max_Sea_Level_PressureIn,Mean_Sea_Level_PressureIn,Min_Sea_Level_PressureIn,Max_VisibilityMiles,Mean_VisibilityMiles,Min_VisibilityMiles,Max_Wind_SpeedMPH,Mean_Wind_SpeedMPH,Max_Gust_SpeedMPH,PrecipitationIn,CloudCover,Events,WindDirDegrees,Date,EDT
2015,2015-1-1,39,33,27,18,10,5,44,36,27,30.19,30.08,29.99,10,10,10,23,14,31,0.00,1,,242,2015-01-01,NA
2015,2015-1-2,42,39,35,22,18,15,56,46,36,30.46,30.22,30.02,10,10,10,25,14,32,0.00,4,,277,2015-01-02,NA
2015,2015-1-3,41,36,31,40,29,19,100,75,50,30.6,30.44,30.09,10,4,1,16,10,20,0.67,7,Rain-Snow,61,2015-01-03,NA
2015,2015-1-4,57,49,41,52,44,30,100,92,83,30.07,29.85,29.66,10,6,0,30,11,44,0.31,8,Fog-Rain,220,2015-01-04,NA
2015,2015-1-5,50,36,22,28,13,3,53,40,27,30.41,30.12,29.8,10,10,10,32,21,49,0.00,3,,294,2015-01-05,NA
2015,2015-1-6,22,20,18,14,10,1,80,61,41,30.43,30.25,30.02,10,6,0,21,8,26,0.05,7,Snow,257,2015-01-06,NA
2015,2015-1-7,25,18,10,12,5,-6,68,52,35,30.28,30.04,29.93,10,10,2,36,20,46,T,4,Snow,289,2015-01-07,NA
2015,2015-1-8,21,15,8,1,-3,-7,58,51,43,30.44,30.35,30.22,10,10,10,28,14,36,0.00,3,,264,2015-01-08,NA
2015,2015-1-9,33,26,19,19,11,2,88,62,36,30.22,30.07,29.99,10,8,0,32,16,41,0.12,6,Fog-Snow,243,2015-01-09,NA
2015,2015-1-10,24,21,17,4,0,-3,49,42,34,30.59,30.44,30.24,10,10,10,22,14,30,0.00,0,,274,2015-01-10,NA
2015,2015-1-11,37,28,19,18,6,-1,47,40,32,30.69,30.6,30.49,10,10,10,18,9,23,0.00,6,,223,2015-01-11,NA
2015,2015-1-12,37,36,34,36,30,15,92,68,44,30.48,30.24,30.11,10,6,1,14,6,18,0.39,8,Rain,265,2015-01-12,NA
2015,2015-1-13,36,27,17,29,14,4,82,64,46,30.64,30.5,30.24,10,10,10,24,14,32,0.00,4,,3,2015-01-13,NA
2015,2015-1-14,32,25,17,21,15,4,73,64,54,30.58,30.38,30.18,10,10,10,17,10,23,0.00,7,,34,2015-01-14,NA
2015,2015-1-15,34,30,25,21,17,14,75,59,43,30.18,30.07,29.91,10,10,10,17,10,23,0.00,3,,298,2015-01-15,NA
2015,2015-1-16,42,31,20,19,14,3,53,44,35,30.23,29.94,29.81,10,10,10,37,18,46,0.00,2,,282,2015-01-16,NA
2015,2015-1-17,30,24,17,19,7,-2,58,43,27,30.4,30.33,30.23,10,10,10,22,10,26,0.00,2,,263,2015-01-17,NA
2015,2015-1-18,43,36,29,40,33,20,100,82,63,30.22,29.92,29.7,10,5,0,18,5,23,1.98,7,Rain,21,2015-01-18,NA
2015,2015-1-19,42,40,37,32,26,20,82,63,44,29.88,29.81,29.72,10,10,10,28,15,37,0.00,6,,276,2015-01-19,NA
2015,2015-1-20,40,36,32,24,20,10,59,50,41,30.05,29.93,29.86,10,10,10,18,11,22,0.00,6,,308,2015-01-20,NA
2015,2015-1-21,35,30,25,16,10,5,55,43,30,30.19,30.14,30.06,10,10,10,12,7,16,T,6,,42,2015-01-21,NA
2015,2015-1-22,39,35,31,24,21,14,78,63,47,30.33,30.22,30.15,10,10,7,20,8,24,T,5,Snow,343,2015-01-22,NA
2015,2015-1-23,39,34,28,26,19,15,64,54,44,30.35,30.21,29.99,10,10,8,23,10,28,0.00,4,,268,2015-01-23,NA
2015,2015-1-24,40,36,32,34,30,23,96,75,54,29.95,29.6,29.28,10,4,0,24,12,31,0.73,7,Fog-Rain-Snow,356,2015-01-24,NA
2015,2015-1-25,42,36,30,28,19,9,70,50,30,30,29.76,29.5,10,10,8,25,14,31,0.00,5,,299,2015-01-25,NA
2015,2015-1-26,30,26,22,24,18,5,96,69,42,30.03,29.89,29.69,10,3,0,29,19,38,0.25,8,Fog-Snow,38,2015-01-26,NA
2015,2015-1-27,28,24,19,22,17,9,88,75,62,29.85,29.69,29.64,10,5,0,28,17,38,0.21,7,Fog-Snow,350,2015-01-27,NA
2015,2015-1-28,34,26,17,11,7,2,67,51,34,30.27,30.06,29.86,10,10,10,21,12,28,0.00,1,,330,2015-01-28,NA
2015,2015-1-29,36,29,21,27,15,2,75,56,36,30.34,30.2,30,10,9,1,13,7,17,0.01,6,Snow,149,2015-01-29,NA
2015,2015-1-30,37,29,20,30,22,7,92,71,50,30.01,29.9,29.82,10,8,1,36,18,46,0.07,6,Snow,285,2015-01-30,NA
2015,2015-1-31,26,20,13,8,4,0,61,47,33,30.21,30.12,30.02,10,10,10,35,22,46,0.00,0,,311,2015-01-31,NA
2015,2015-2-1,36,28,20,29,18,7,92,70,47,30.23,30.14,30,10,8,1,16,8,21,0.02,7,Snow,238,2015-02-01,NA
2015,2015-2-2,33,24,15,31,23,5,92,77,61,29.97,29.61,29.4,10,4,0,32,17,40,1.08,8,Fog-Rain-Snow,15,2015-02-02,NA
2015,2015-2-3,28,21,14,12,8,4,67,57,46,30.32,30.22,29.99,10,10,10,26,12,35,0.00,3,,271,2015-02-03,NA
2015,2015-2-4,41,32,23,31,22,11,70,63,55,30.32,30.15,29.92,10,10,9,13,6,16,0.00,7,,206,2015-02-04,NA
2015,2015-2-5,40,27,14,30,14,-3,82,59,36,30.23,30.01,29.83,10,9,2,30,18,41,T,6,Snow,326,2015-02-05,NA
2015,2015-2-6,27,20,12,8,2,-2,64,51,37,30.28,30.19,30.1,10,10,10,23,12,31,0.00,3,,282,2015-02-06,NA
2015,2015-2-7,36,31,26,27,19,10,85,66,46,30.17,30.09,29.99,10,8,1,15,8,20,0.01,8,Snow,223,2015-02-07,NA
2015,2015-2-8,36,33,30,32,30,25,96,86,75,29.99,29.92,29.86,10,5,2,20,12,25,0.00,8,,50,2015-02-08,NA
2015,2015-2-9,31,29,26,23,21,19,81,75,69,30.03,30,29.94,10,9,3,24,17,31,0.07,8,Rain-Snow,45,2015-02-09,NA
2015,2015-2-10,39,33,26,25,20,18,75,65,54,30.06,30.04,30,10,10,5,21,12,25,T,7,Snow,14,2015-02-10,NA
2015,2015-2-11,33,28,22,17,13,10,65,52,39,30.1,30.02,29.92,10,10,10,21,9,26,0.00,2,,46,2015-02-11,NA
2015,2015-2-12,40,29,17,28,20,1,78,62,46,29.92,29.79,29.7,10,8,2,33,13,41,T,7,Snow,260,2015-02-12,NA
2015,2015-2-13,22,16,9,0,-3,-5,63,48,33,30.18,30.1,29.96,10,10,10,33,17,41,0.00,1,,310,2015-02-13,NA
2015,2015-2-14,32,24,16,23,14,-4,78,59,39,30.12,29.71,29.44,10,7,1,20,8,25,0.01,7,Snow,214,2015-02-14,NA
2015,2015-2-15,26,16,5,19,3,-9,75,57,39,30.12,29.78,29.44,10,9,5,37,27,48,T,5,Snow,313,2015-02-15,NA
2015,2015-2-16,21,13,4,-4,-7,-10,60,44,28,30.22,30.15,30.08,10,10,10,31,13,38,0.00,5,,314,2015-02-16,NA
2015,2015-2-17,28,21,14,13,10,-4,80,58,35,30.05,29.94,29.86,10,6,1,15,7,21,0.13,7,Snow,43,2015-02-17,NA
2015,2015-2-18,31,25,18,21,14,9,71,59,46,29.94,29.82,29.73,10,9,2,16,7,22,T,5,Snow,110,2015-02-18,NA
2015,2015-2-19,27,18,9,12,0,-9,60,44,28,30.01,29.82,29.71,10,10,10,32,21,40,0.00,4,,296,2015-02-19,NA
2015,2015-2-20,21,12,3,-2,-8,-14,49,40,31,30.5,30.26,30.04,10,10,10,30,17,38,0.00,0,,287,2015-02-20,NA
2015,2015-2-21,32,23,14,29,16,-6,92,64,35,30.53,30.35,30.16,10,5,0,18,9,24,0.59,7,Fog-Rain-Snow,205,2015-02-21,NA
2015,2015-2-22,42,37,31,30,29,25,92,76,59,30.19,30.15,30.13,10,6,2,15,5,21,0.11,7,Rain-Snow,273,2015-02-22,NA
2015,2015-2-23,38,23,8,25,4,-9,59,46,32,30.41,30.29,30.18,10,10,10,28,18,39,0.00,5,,319,2015-02-23,NA
2015,2015-2-24,25,16,6,14,0,-10,62,51,39,30.4,30.19,29.85,10,10,10,21,9,24,0.00,4,,240,2015-02-24,NA
2015,2015-2-25,38,30,21,17,12,9,71,52,32,30,29.86,29.76,10,10,10,23,10,30,0.00,3,,279,2015-02-25,NA
2015,2015-2-26,32,27,21,18,10,4,68,52,36,30.16,30.02,29.92,10,10,6,17,11,24,T,8,Snow,16,2015-02-26,NA
2015,2015-2-27,30,25,19,8,6,1,57,44,31,30.62,30.39,30.17,10,10,10,20,10,24,0.00,4,,337,2015-02-27,NA
2015,2015-2-28,30,23,15,4,0,-2,51,40,29,30.82,30.75,30.64,10,10,10,20,6,23,0.00,2,,318,2015-02-28,NA
2015,2015-3-1,30,27,24,26,18,2,88,60,32,30.72,30.44,30.15,10,5,0,16,5,20,0.48,7,Fog-Rain-Snow,191,2015-03-01,NA
2015,2015-3-2,38,33,28,27,19,11,85,60,35,30.37,30.15,30.02,10,9,7,31,15,40,T,5,,308,2015-03-02,NA
2015,2015-3-3,36,30,24,32,21,9,89,68,46,30.46,30.2,29.81,10,6,0,18,9,22,0.72,7,Fog-Rain-Snow,195,2015-03-03,NA
2015,2015-3-4,47,42,36,39,35,32,92,81,70,29.91,29.84,29.74,10,6,3,16,9,22,0.25,8,Rain,225,2015-03-04,NA
2015,2015-3-5,41,31,20,36,23,5,92,69,46,30.38,30.11,29.89,10,3,0,24,12,30,0.60,8,Fog-Rain-Snow,331,2015-03-05,NA
2015,2015-3-6,28,22,15,8,4,2,59,46,33,30.55,30.46,30.35,10,10,9,21,7,25,0.00,2,,317,2015-03-06,NA
2015,2015-3-7,39,30,20,20,12,5,57,48,38,30.34,30.19,30.06,10,10,10,18,10,26,0.00,4,,243,2015-03-07,NA
2015,2015-3-8,49,42,35,29,24,19,64,49,34,30.15,30.07,30.02,10,10,10,25,8,33,0.00,5,,263,2015-03-08,NA
2015,2015-3-9,54,45,36,31,25,22,62,47,32,30.26,30.16,30.11,10,10,10,20,7,28,0.02,3,Rain,267,2015-03-09,NA
2015,2015-3-10,54,44,33,37,31,25,92,74,56,30.32,30.18,29.99,10,6,1,12,6,18,0.42,7,Rain,61,2015-03-10,NA
2015,2015-3-11,60,49,37,43,36,21,100,66,32,30.09,29.97,29.91,10,8,1,24,11,32,0.02,5,Rain,300,2015-03-11,NA
2015,2015-3-12,47,42,37,24,9,1,49,32,15,30.6,30.37,30.1,10,10,10,32,18,46,0.00,0,,325,2015-03-12,NA
2015,2015-3-13,43,37,31,29,13,1,64,43,21,30.67,30.56,30.37,10,10,10,17,10,22,0.00,5,,106,2015-03-13,NA
2015,2015-3-14,51,44,37,48,41,29,93,75,57,30.35,29.97,29.7,10,6,2,16,8,22,1.02,8,Rain,208,2015-03-14,NA
2015,2015-3-15,47,42,37,41,29,24,82,66,49,29.99,29.79,29.7,10,10,10,33,18,46,T,6,Rain,307,2015-03-15,NA
2015,2015-3-16,51,44,36,35,27,23,70,53,36,30.04,29.94,29.79,10,10,10,18,7,22,0.00,7,,288,2015-03-16,NA
2015,2015-3-17,54,44,34,42,30,10,71,52,33,29.93,29.69,29.55,10,10,6,38,18,51,0.01,6,Rain,288,2015-03-17,NA
2015,2015-3-18,38,33,28,18,12,9,53,43,32,30.19,30.04,29.93,10,10,9,32,19,40,T,3,Snow,323,2015-03-18,NA
2015,2015-3-19,42,36,29,13,7,2,50,35,19,30.35,30.29,30.2,10,10,10,21,12,26,0.00,4,,324,2015-03-19,NA
2015,2015-3-20,38,34,29,29,21,3,92,60,28,30.36,30.26,30.13,10,4,0,21,11,28,0.28,8,Fog-Snow,59,2015-03-20,NA
2015,2015-3-21,48,39,29,35,29,25,92,75,58,30.12,30.02,29.89,10,7,2,24,8,30,0.01,7,Snow,328,2015-03-21,NA
2015,2015-3-22,44,36,28,29,14,7,54,41,27,30.17,30.04,29.92,10,10,10,24,16,31,0.00,2,,316,2015-03-22,NA
2015,2015-3-23,38,31,24,9,7,2,50,36,21,30.26,30.22,30.17,10,10,10,24,14,30,0.00,2,,322,2015-03-23,NA
2015,2015-3-24,44,35,26,26,11,6,70,48,25,30.39,30.33,30.27,10,10,10,14,6,17,0.00,4,,14,2015-03-24,NA
2015,2015-3-25,48,40,32,39,27,14,85,56,26,30.42,30.32,30.16,10,8,2,21,7,24,0.05,6,Rain,130,2015-03-25,NA
2015,2015-3-26,57,48,38,53,44,36,93,90,86,30.13,29.85,29.59,10,4,1,18,7,22,0.24,8,Rain,131,2015-03-26,NA
2015,2015-3-27,46,43,40,39,34,25,89,69,49,29.79,29.74,29.67,10,10,6,22,9,28,0.28,8,Rain,339,2015-03-27,NA
2015,2015-3-28,41,34,27,25,22,17,69,60,51,30.12,29.87,29.76,10,9,4,24,14,31,T,7,Snow,339,2015-03-28,NA
2015,2015-3-29,46,37,27,24,9,2,63,40,16,30.29,30.19,30.12,10,10,7,18,10,23,0.00,3,,308,2015-03-29,NA
2015,2015-3-30,55,45,34,33,24,10,70,50,30,30.11,29.89,29.76,10,9,2,28,14,39,T,7,Snow,244,2015-03-30,NA
2015,2015-3-31,47,42,36,34,30,21,85,61,37,29.9,29.82,29.76,10,9,5,17,9,24,0.14,7,Rain-Snow,333,2015-03-31,NA
2015,2015-4-1,51,43,34,32,20,14,82,54,26,30.21,30.04,29.82,10,10,10,20,10,28,0.00,3,,320,2015-04-01,NA
2015,2015-4-2,63,51,39,36,27,12,50,39,27,30.26,30.12,29.92,10,10,10,23,10,30,0.00,3,,194,2015-04-02,NA
2015,2015-4-3,63,58,53,57,49,36,93,66,39,29.88,29.78,29.62,10,7,0,20,10,28,0.04,8,Rain,205,2015-04-03,NA
2015,2015-4-4,60,52,44,54,34,15,93,60,26,30.15,29.75,29.46,10,8,2,26,19,37,T,5,Rain,285,2015-04-04,NA
2015,2015-4-5,62,53,43,35,25,18,65,45,25,30.27,30.16,30.08,10,10,10,26,11,38,0.00,5,,262,2015-04-05,NA
2015,2015-4-6,60,50,39,42,37,34,85,67,49,30.33,30.23,30.13,10,10,7,16,8,25,0.00,4,,74,2015-04-06,NA
2015,2015-4-7,57,50,42,43,41,39,89,72,55,30.33,30.23,30.12,10,8,2,22,10,30,0.17,8,Rain,62,2015-04-07,NA
2015,2015-4-8,46,42,38,39,33,24,92,69,45,30.38,30.3,30.24,10,8,2,22,15,28,T,8,Rain,60,2015-04-08,NA
2015,2015-4-9,44,41,37,39,35,33,100,85,70,30.35,30.29,30.23,10,6,2,21,12,25,0.01,8,Rain,53,2015-04-09,NA
2015,2015-4-10,57,48,39,52,42,37,100,89,77,30.25,29.95,29.76,10,4,0,18,8,23,0.24,8,Rain-Thunderstorm,66,2015-04-10,NA
2015,2015-4-11,57,51,45,45,32,27,66,51,35,30.21,29.98,29.82,10,10,10,31,17,40,0.00,4,,300,2015-04-11,NA
2015,2015-4-12,65,55,44,39,30,18,66,43,19,30.34,30.29,30.22,10,10,10,20,8,23,0.00,1,,238,2015-04-12,NA
2015,2015-4-13,65,56,47,47,38,33,72,56,39,30.37,30.27,30.17,10,10,10,24,10,30,0.00,5,,183,2015-04-13,NA
2015,2015-4-14,65,59,53,53,42,27,77,51,24,30.19,30.13,30.07,10,10,10,23,6,28,T,7,Rain,300,2015-04-14,NA
2015,2015-4-15,70,61,51,39,24,17,59,37,15,30.35,30.19,30.1,10,10,10,24,11,32,0.00,5,,352,2015-04-15,NA
2015,2015-4-16,62,55,47,43,29,19,66,43,19,30.49,30.4,30.26,10,10,10,16,8,24,0.00,6,,110,2015-04-16,NA
2015,2015-4-17,71,63,55,54,50,42,86,68,49,30.24,30.03,29.89,10,10,7,17,10,22,0.08,7,Rain,241,2015-04-17,NA
2015,2015-4-18,79,67,54,45,41,27,66,44,22,30.05,29.94,29.85,10,10,10,22,7,30,0.00,3,,305,2015-04-18,NA
2015,2015-4-19,61,54,47,37,31,25,66,47,27,30.27,30.2,30.07,10,10,10,17,10,25,0.00,5,,86,2015-04-19,NA
2015,2015-4-20,59,52,45,55,48,39,100,88,76,30.14,29.79,29.6,10,4,0,36,15,45,0.95,8,Fog-Rain,81,2015-04-20,NA
2015,2015-4-21,67,60,52,54,43,25,86,54,22,29.77,29.64,29.55,10,8,1,23,10,30,0.23,5,Rain-Thunderstorm,266,2015-04-21,NA
2015,2015-4-22,67,58,48,47,38,29,71,53,34,29.8,29.68,29.53,10,10,5,28,12,37,0.10,4,Rain-Thunderstorm,210,2015-04-22,NA
2015,2015-4-23,50,46,42,32,25,20,62,49,36,29.84,29.75,29.67,10,10,10,30,16,37,T,4,,288,2015-04-23,NA
2015,2015-4-24,50,45,39,22,21,20,48,39,29,29.93,29.87,29.83,10,10,10,29,19,40,0.00,4,,317,2015-04-24,NA
2015,2015-4-25,60,50,39,36,25,21,61,42,23,29.93,29.81,29.69,10,10,10,18,11,25,0.00,3,,291,2015-04-25,NA
2015,2015-4-26,61,53,45,35,30,26,61,45,28,29.71,29.68,29.65,10,10,10,20,7,24,0.00,4,,29,2015-04-26,NA
2015,2015-4-27,60,55,49,36,33,30,56,44,32,29.72,29.67,29.63,10,10,10,24,12,30,0.00,7,,315,2015-04-27,NA
2015,2015-4-28,72,62,51,39,36,32,63,45,27,29.8,29.75,29.7,10,10,10,25,12,35,0.00,2,,349,2015-04-28,NA
2015,2015-4-29,76,62,48,43,39,33,80,51,21,29.75,29.69,29.62,10,10,10,26,11,31,0.00,2,,331,2015-04-29,NA
2015,2015-4-30,64,56,47,42,39,37,82,61,39,29.92,29.81,29.73,10,10,10,21,13,25,0.00,5,,64,2015-04-30,NA
2015,2015-5-1,59,54,48,43,40,38,77,64,51,29.99,29.96,29.93,10,10,10,16,8,20,0.00,6,,97,2015-05-01,NA
2015,2015-5-2,69,59,48,43,40,38,77,57,37,30.05,29.98,29.95,10,10,10,20,6,23,0.00,3,,141,2015-05-02,NA
2015,2015-5-3,76,64,51,47,40,35,62,44,25,30.15,30.08,30.04,10,10,10,22,7,29,0.00,3,,187,2015-05-03,NA
2015,2015-5-4,82,68,54,50,45,41,77,51,24,30.21,30.16,30.11,10,10,9,23,10,29,0.00,1,,165,2015-05-04,NA
2015,2015-5-5,81,73,64,55,51,44,63,51,38,30.22,30.17,30.14,10,10,10,16,7,22,0.00,5,,205,2015-05-05,NA
2015,2015-5-6,69,64,58,52,43,35,64,48,32,30.3,30.24,30.19,10,10,9,13,7,21,T,6,Rain,57,2015-05-06,NA
2015,2015-5-7,76,64,52,52,45,37,86,57,27,30.24,30.19,30.13,10,10,7,16,7,21,0.00,1,,160,2015-05-07,NA
2015,2015-5-8,79,67,54,58,53,45,93,66,38,30.21,30.14,30.12,10,6,1,17,7,23,0.00,4,,145,2015-05-08,NA
2015,2015-5-9,64,59,53,58,54,51,100,88,75,30.33,30.27,30.22,6,2,0,15,9,21,0.01,8,Fog-Rain,55,2015-05-09,NA
2015,2015-5-10,82,70,57,64,61,56,100,77,54,30.24,30.19,30.11,10,6,0,18,8,23,0.00,6,Fog,197,2015-05-10,NA
2015,2015-5-11,83,75,67,66,65,63,84,71,58,30.14,30.07,29.96,10,9,5,22,11,29,T,5,,187,2015-05-11,NA
2015,2015-5-12,87,75,63,67,58,43,90,58,26,29.93,29.84,29.74,10,9,5,31,13,41,T,6,Rain,252,2015-05-12,NA
2015,2015-5-13,67,61,54,44,40,37,54,47,40,30.27,30.07,29.9,10,10,10,26,17,32,0.00,5,,317,2015-05-13,NA
2015,2015-5-14,72,62,52,37,33,21,59,37,15,30.4,30.33,30.28,10,10,10,17,8,21,0.00,2,,332,2015-05-14,NA
2015,2015-5-15,74,65,56,43,39,32,59,43,27,30.33,30.27,30.2,10,10,10,23,9,32,T,7,,203,2015-05-15,NA
2015,2015-5-16,75,66,57,60,55,40,90,67,43,30.22,30.16,30.09,10,9,5,13,6,14,0.27,8,Rain,165,2015-05-16,NA
2015,2015-5-17,83,72,61,66,63,59,97,72,47,30.15,30.11,30.07,10,6,2,13,4,17,0.02,6,Rain,169,2015-05-17,NA
2015,2015-5-18,71,64,56,63,55,50,100,83,65,30.21,30.14,30.09,10,6,0,22,9,25,0.00,7,Fog,60,2015-05-18,NA
2015,2015-5-19,82,69,55,63,56,53,93,74,54,30.08,29.92,29.75,10,5,0,24,8,30,0.01,7,Rain,75,2015-05-19,NA
2015,2015-5-20,66,61,55,51,40,35,62,51,39,30,29.9,29.84,10,10,10,25,16,31,0.00,4,,317,2015-05-20,NA
2015,2015-5-21,62,58,53,45,37,31,71,52,32,30.02,29.96,29.88,10,10,10,15,7,18,T,7,Rain,201,2015-05-21,NA
2015,2015-5-22,75,65,55,46,40,33,72,50,27,30.14,29.94,29.85,10,10,10,25,13,36,T,5,Rain,300,2015-05-22,NA
2015,2015-5-23,70,60,50,44,31,22,57,37,17,30.42,30.34,30.16,10,10,10,26,12,38,0.00,0,,299,2015-05-23,NA
2015,2015-5-24,81,69,56,51,44,33,58,39,19,30.36,30.3,30.23,10,10,10,21,10,25,0.00,4,,202,2015-05-24,NA
2015,2015-5-25,83,74,65,58,55,49,67,54,40,30.27,30.22,30.15,10,10,10,22,11,25,0.00,4,,191,2015-05-25,NA
2015,2015-5-26,86,77,67,61,58,51,66,55,43,30.22,30.17,30.12,10,10,10,18,12,23,0.00,4,,200,2015-05-26,NA
2015,2015-5-27,81,74,67,65,62,60,81,70,58,30.17,30.14,30.07,10,10,8,25,10,30,0.02,5,Rain-Thunderstorm,177,2015-05-27,NA
2015,2015-5-28,84,76,67,66,62,54,81,62,42,30.24,30.15,30.1,10,10,7,17,9,21,T,6,,168,2015-05-28,NA
2015,2015-5-29,82,73,64,60,55,53,81,60,39,30.3,30.26,30.22,10,10,10,14,8,18,0.00,3,,90,2015-05-29,NA
2015,2015-5-30,83,75,66,64,62,60,81,66,51,30.22,30.14,30.05,10,10,10,25,12,30,0.00,3,,181,2015-05-30,NA
2015,2015-5-31,86,72,57,68,63,55,93,72,51,30.13,30.05,30.01,10,8,1,25,12,30,1.28,7,Rain-Thunderstorm,117,2015-05-31,NA
2015,2015-6-1,58,55,51,55,53,49,93,90,86,30.16,30.12,30.08,10,5,1,23,16,31,0.77,8,Rain,55,2015-06-01,NA
2015,2015-6-2,56,53,50,52,49,46,93,88,83,30.19,30.14,30.09,10,8,1,21,9,24,0.35,8,Rain,44,2015-06-02,NA
2015,2015-6-3,69,61,53,51,49,46,89,69,48,30.26,30.21,30.17,10,10,10,15,9,20,T,7,,87,2015-06-03,NA
2015,2015-6-4,65,60,54,49,48,46,83,70,56,30.29,30.25,30.21,10,10,10,17,10,25,T,7,Rain,78,2015-06-04,NA
2015,2015-6-5,68,62,56,55,51,48,78,71,63,30.2,30.06,29.92,10,10,10,13,7,20,T,8,Rain,56,2015-06-05,NA
2015,2015-6-6,74,67,59,61,52,34,93,59,25,30.08,29.93,29.84,10,9,2,26,9,33,0.55,7,Rain,11,2015-06-06,NA
2015,2015-6-7,73,65,57,50,43,35,65,48,31,30.22,30.15,30.09,10,10,10,21,10,28,0.00,3,,121,2015-06-07,NA
2015,2015-6-8,77,70,62,65,58,53,79,68,56,30.11,29.92,29.78,10,10,10,24,13,31,0.04,7,Rain,181,2015-06-08,NA
2015,2015-6-9,85,76,67,66,62,54,93,65,37,29.79,29.7,29.63,10,10,10,23,12,31,0.01,6,Rain,207,2015-06-09,NA
2015,2015-6-10,82,74,66,59,57,51,73,56,39,29.9,29.85,29.79,10,10,10,20,9,24,0.00,2,,252,2015-06-10,NA
2015,2015-6-11,92,82,72,68,63,58,68,55,41,29.92,29.87,29.83,10,10,7,20,10,23,0.00,6,,230,2015-06-11,NA
2015,2015-6-12,88,80,71,69,64,54,73,58,42,29.99,29.9,29.81,10,10,9,18,9,23,0.00,6,,89,2015-06-12,NA
2015,2015-6-13,84,78,72,69,60,51,69,52,34,30.02,29.92,29.78,10,10,10,22,11,26,0.00,6,Rain,327,2015-06-13,NA
2015,2015-6-14,87,77,67,62,58,53,81,59,37,30.07,30.03,30,10,10,6,20,8,23,0.26,6,Rain,126,2015-06-14,NA
2015,2015-6-15,81,72,63,70,65,61,93,84,74,30.04,29.96,29.91,10,6,0,22,11,28,0.55,8,Rain-Thunderstorm,102,2015-06-15,NA
2015,2015-6-16,79,72,64,70,63,60,87,74,60,29.97,29.89,29.8,10,8,0,16,8,22,0.34,7,Rain,75,2015-06-16,NA
2015,2015-6-17,79,73,66,59,57,54,73,59,45,30.13,30.11,30.06,10,10,10,15,9,22,T,7,,121,2015-06-17,NA
2015,2015-6-18,71,68,65,61,58,54,81,72,63,30.12,30.05,29.95,10,10,10,15,9,20,T,8,Rain,168,2015-06-18,NA
2015,2015-6-19,85,76,67,66,63,59,84,64,44,29.99,29.91,29.86,10,10,10,15,6,22,T,7,Rain,302,2015-06-19,NA
2015,2015-6-20,73,69,64,63,59,52,93,76,59,30.09,30.03,29.92,10,6,2,16,10,18,T,8,Rain,48,2015-06-20,NA
2015,2015-6-21,90,80,69,72,68,64,93,69,44,29.84,29.73,29.68,10,7,2,31,11,41,0.54,7,Rain,239,2015-06-21,NA
2015,2015-6-22,89,81,72,67,60,55,74,55,36,29.98,29.93,29.83,10,10,10,22,11,25,0.00,3,,288,2015-06-22,NA
2015,2015-6-23,92,84,76,73,68,60,74,61,47,29.94,29.83,29.73,10,10,1,35,13,49,0.07,7,Rain-Thunderstorm,221,2015-06-23,NA
2015,2015-6-24,83,76,69,60,55,52,61,49,37,30.03,29.97,29.88,10,10,10,20,11,24,0.00,3,,324,2015-06-24,NA
2015,2015-6-25,85,77,69,60,51,46,60,44,28,30.08,30.01,29.96,10,10,10,17,7,22,T,6,Rain,248,2015-06-25,NA
2015,2015-6-26,80,75,70,61,58,54,68,55,42,30.07,29.98,29.9,10,10,10,20,9,28,0.00,6,,50,2015-06-26,NA
2015,2015-6-27,74,67,60,60,56,47,90,66,41,30.12,30.03,29.85,10,8,1,25,12,30,1.06,7,Rain,77,2015-06-27,NA
2015,2015-6-28,74,68,62,63,60,57,93,75,57,29.85,29.7,29.66,10,7,2,31,13,36,0.26,7,Rain,44,2015-06-28,NA
2015,2015-6-29,78,71,64,57,54,53,67,55,43,29.94,29.87,29.74,10,10,10,22,11,30,0.00,3,,256,2015-06-29,NA
2015,2015-6-30,82,75,67,68,60,53,73,58,42,29.99,29.92,29.84,10,10,10,25,11,31,0.00,5,,171,2015-06-30,NA
2015,2015-7-1,85,78,70,70,63,57,87,64,40,29.86,29.78,29.74,10,9,2,23,10,30,0.35,7,Rain-Thunderstorm,239,2015-07-01,NA
2015,2015-7-2,81,76,70,61,58,56,68,55,42,29.92,29.88,29.86,10,10,10,14,6,16,T,6,,272,2015-07-02,NA
2015,2015-7-3,81,74,67,62,54,48,73,53,33,29.99,29.95,29.88,10,10,10,15,7,18,0.00,4,,26,2015-07-03,NA
2015,2015-7-4,75,72,69,63,58,42,78,55,31,30.01,29.96,29.94,10,10,6,13,7,18,T,7,Rain,78,2015-07-04,NA
2015,2015-7-5,85,78,70,65,61,58,78,59,40,30.14,30.09,30.03,10,10,10,17,6,21,0.00,6,,253,2015-07-05,NA
2015,2015-7-6,83,77,71,67,65,61,84,66,47,30.17,30.13,30.09,10,10,8,16,8,21,0.00,6,,160,2015-07-06,NA
2015,2015-7-7,88,82,75,72,70,66,87,69,50,30.08,30.01,29.93,10,10,8,22,10,26,0.00,6,,181,2015-07-07,NA
2015,2015-7-8,89,83,76,72,69,67,82,66,50,29.95,29.93,29.91,10,9,3,18,8,23,0.09,6,Rain,251,2015-07-08,NA
2015,2015-7-9,79,74,68,71,65,60,90,76,62,30.01,29.92,29.8,10,9,2,15,9,20,0.29,7,Rain,92,2015-07-09,NA
2015,2015-7-10,84,78,72,72,62,55,93,67,40,30,29.91,29.78,10,10,10,20,9,25,0.00,5,,326,2015-07-10,NA
2015,2015-7-11,86,79,72,60,56,51,61,47,32,30.09,30.05,30.01,10,10,10,12,5,15,0.00,4,,84,2015-07-11,NA
2015,2015-7-12,89,81,73,62,59,55,68,51,34,30.05,30,29.94,10,10,10,14,6,18,0.00,5,,254,2015-07-12,NA
2015,2015-7-13,85,80,74,64,61,54,64,52,40,29.95,29.88,29.8,10,10,10,16,8,21,0.00,5,,169,2015-07-13,NA
2015,2015-7-14,81,76,71,73,68,61,90,73,56,29.79,29.65,29.56,10,9,0,17,8,22,0.95,6,Fog-Rain,124,2015-07-14,NA
2015,2015-7-15,81,77,72,72,69,53,93,70,46,29.87,29.64,29.55,10,5,0,22,9,26,0.01,8,Fog-Rain,52,2015-07-15,NA
2015,2015-7-16,80,72,64,56,50,45,57,45,32,30.07,30.01,29.89,10,10,10,20,9,23,0.00,3,,47,2015-07-16,NA
2015,2015-7-17,80,74,68,61,58,56,70,58,45,30.11,30.07,30.02,10,10,10,21,11,26,0.00,5,,200,2015-07-17,NA
2015,2015-7-18,86,79,72,72,68,62,74,68,61,30.02,29.94,29.86,10,10,6,16,10,21,0.18,7,Rain-Thunderstorm,191,2015-07-18,NA
2015,2015-7-19,94,86,78,74,70,67,74,59,44,29.87,29.81,29.73,10,10,10,18,7,22,0.00,4,,212,2015-07-19,NA
2015,2015-7-20,95,89,83,73,68,63,70,55,39,29.73,29.69,29.65,10,10,10,18,9,23,0.00,5,,276,2015-07-20,NA
2015,2015-7-21,92,84,75,68,63,57,69,51,32,29.66,29.63,29.57,10,10,10,22,8,29,T,6,Rain,292,2015-07-21,NA
2015,2015-7-22,86,79,71,60,52,48,60,45,29,29.88,29.76,29.66,10,10,10,23,14,29,0.00,2,,309,2015-07-22,NA
2015,2015-7-23,85,78,71,54,51,47,53,41,29,29.94,29.9,29.87,10,10,10,18,10,24,0.00,3,,309,2015-07-23,NA
2015,2015-7-24,85,78,71,56,51,43,57,41,24,29.96,29.93,29.89,10,10,10,14,6,18,0.00,3,,48,2015-07-24,NA
2015,2015-7-25,85,78,71,66,58,53,74,56,37,30.01,29.98,29.94,10,10,10,16,8,21,0.00,3,,133,2015-07-25,NA
2015,2015-7-26,89,82,75,66,61,58,69,55,41,30,29.97,29.93,10,10,10,23,11,28,0.05,6,Rain,195,2015-07-26,NA
2015,2015-7-27,87,82,76,68,65,59,71,61,51,30.03,29.99,29.97,10,10,10,20,9,25,0.00,6,Thunderstorm,196,2015-07-27,NA
2015,2015-7-28,94,85,76,69,65,56,79,54,28,30.01,29.97,29.93,10,10,10,13,6,16,0.00,4,,217,2015-07-28,NA
2015,2015-7-29,95,87,78,71,66,60,69,51,33,29.99,29.94,29.9,10,10,10,21,7,25,0.00,4,,177,2015-07-29,NA
2015,2015-7-30,87,81,75,75,72,71,79,70,61,29.93,29.85,29.78,10,7,0,25,9,36,1.62,7,Fog-Rain-Thunderstorm,199,2015-07-30,NA
2015,2015-7-31,91,83,74,72,58,50,87,57,26,29.87,29.83,29.79,10,10,7,16,8,24,0.00,1,,296,2015-07-31,NA
2015,2015-8-1,90,84,77,60,57,52,54,41,27,29.85,29.8,29.76,10,10,10,22,10,28,0.00,4,,263,2015-08-01,NA
2015,2015-8-2,89,81,73,64,58,50,64,46,28,29.93,29.88,29.85,10,10,10,20,8,23,0.00,3,,201,2015-08-02,NA
2015,2015-8-3,92,84,76,66,60,57,60,47,34,29.86,29.81,29.76,10,10,10,22,11,28,0.00,3,,208,2015-08-03,NA
2015,2015-8-4,91,81,70,68,60,50,79,53,26,29.9,29.85,29.81,10,9,2,31,11,41,0.30,4,Rain-Thunderstorm,245,2015-08-04,NA
2015,2015-8-5,88,77,65,65,57,51,79,54,29,29.95,29.89,29.84,10,10,10,20,8,25,0.00,4,,312,2015-08-05,NA
2015,2015-8-6,82,76,70,57,52,49,57,45,33,29.99,29.94,29.9,10,10,10,14,7,18,0.00,5,,322,2015-08-06,NA
2015,2015-8-7,82,76,69,61,57,53,66,52,37,29.93,29.91,29.88,10,10,10,16,9,32,0.00,4,,57,2015-08-07,NA
2015,2015-8-8,87,75,69,61,57,54,73,56,39,30,29.96,29.92,10,10,10,13,7,15,0.00,4,,78,2015-08-08,NA
2015,2015-8-9,84,77,70,62,58,50,73,53,32,30.05,30,29.97,10,10,10,15,8,28,0.00,3,,76,2015-08-09,NA
2015,2015-8-10,81,76,70,64,61,55,78,60,42,30.06,30.03,29.96,10,10,10,20,11,24,0.00,5,,170,2015-08-10,NA
2015,2015-8-11,82,77,71,71,67,63,90,76,62,29.94,29.79,29.72,10,8,2,22,11,31,1.18,7,Rain,201,2015-08-11,NA
2015,2015-8-12,85,79,72,66,59,55,74,56,37,29.94,29.84,29.78,10,10,10,20,12,23,0.00,4,,312,2015-08-12,NA
2015,2015-8-13,83,76,69,59,53,46,66,47,28,30.11,30.02,29.94,10,10,10,14,7,17,0.00,2,,319,2015-08-13,NA
2015,2015-8-14,88,80,71,59,55,49,54,43,31,30.17,30.13,30.09,10,10,10,20,7,23,0.00,2,,247,2015-08-14,NA
2015,2015-8-15,92,83,74,66,61,57,64,48,32,30.12,30.09,30.05,10,10,10,22,7,29,0.00,2,,208,2015-08-15,NA
2015,2015-8-16,92,85,77,68,65,62,64,51,38,30.12,30.08,30.04,10,10,10,21,5,26,T,4,Rain-Thunderstorm,181,2015-08-16,NA
2015,2015-8-17,93,86,79,68,65,63,58,48,38,30.09,30.05,29.99,10,10,10,16,7,21,T,3,,206,2015-08-17,NA
2015,2015-8-18,89,83,77,71,66,60,79,59,38,30.04,30.01,29.97,10,10,10,23,10,31,T,5,Rain-Thunderstorm,192,2015-08-18,NA
2015,2015-8-19,87,82,76,72,70,65,87,69,51,30.04,30.03,30.01,10,10,10,21,11,28,0.00,5,,175,2015-08-19,NA
2015,2015-8-20,87,82,77,72,70,66,79,65,51,30.04,30,29.96,10,10,10,23,13,30,T,6,,153,2015-08-20,NA
2015,2015-8-21,86,79,71,73,66,56,94,66,37,30.05,29.98,29.92,10,9,2,21,9,28,0.32,6,Rain,22,2015-08-21,NA
2015,2015-8-22,84,77,70,59,54,49,61,48,34,30.11,30.07,30.04,10,10,10,15,8,20,0.00,5,,11,2015-08-22,NA
2015,2015-8-23,83,77,71,68,64,57,79,67,54,30.03,29.98,29.92,10,10,10,13,7,20,0.00,5,,59,2015-08-23,NA
2015,2015-8-24,86,80,73,69,64,58,82,61,40,29.92,29.89,29.84,10,10,10,16,7,21,0.00,4,,191,2015-08-24,NA
2015,2015-8-25,88,82,75,71,64,52,69,53,37,29.89,29.84,29.8,10,10,10,20,10,25,T,4,,204,2015-08-25,NA
2015,2015-8-26,83,76,69,57,53,47,61,45,28,30.01,29.95,29.9,10,10,10,20,10,25,0.00,2,,302,2015-08-26,NA
2015,2015-8-27,80,74,68,56,54,51,63,51,39,30.12,30.05,30,10,10,10,17,10,24,0.00,3,,320,2015-08-27,NA
2015,2015-8-28,83,75,66,56,53,49,68,52,35,30.19,30.15,30.12,10,10,10,13,5,16,0.00,2,,336,2015-08-28,NA
2015,2015-8-29,85,78,70,60,56,51,61,48,34,30.21,30.15,30.1,10,10,10,18,8,23,0.00,4,,221,2015-08-29,NA
2015,2015-8-30,90,81,72,69,64,58,74,57,40,30.11,30.06,30,10,10,10,24,8,30,0.08,5,,214,2015-08-30,NA
2015,2015-8-31,92,85,77,67,65,62,69,54,38,30.03,29.99,29.94,10,10,10,18,9,28,0.00,6,,256,2015-08-31,NA
2015,2015-9-1,88,82,76,67,65,60,69,55,40,30.06,30.02,29.99,10,10,10,15,6,18,0.00,1,,124,2015-09-01,NA
2015,2015-9-2,88,82,75,71,66,62,79,63,46,30.05,29.97,29.88,10,10,7,18,7,21,0.00,3,,184,2015-09-02,NA
2015,2015-9-3,93,85,76,70,64,56,74,52,30,29.88,29.85,29.81,10,10,9,10,5,25,0.00,3,,4,2015-09-03,NA
2015,2015-9-4,84,77,70,68,65,61,74,63,51,30.21,30.06,29.9,10,10,9,21,11,26,0.00,4,,59,2015-09-04,NA
2015,2015-9-5,80,74,67,62,57,47,76,54,32,30.29,30.24,30.21,10,10,10,16,9,21,0.00,2,,89,2015-09-05,NA
2015,2015-9-6,84,76,67,61,57,48,81,57,33,30.23,30.19,30.14,10,10,10,15,6,20,0.00,3,,164,2015-09-06,NA
2015,2015-9-7,90,81,71,69,63,56,79,57,34,30.13,30.06,29.99,10,10,10,18,10,23,0.00,1,,209,2015-09-07,NA
2015,2015-9-8,95,86,76,70,65,61,69,51,33,30.03,29.99,29.93,10,10,10,22,10,29,0.00,1,,214,2015-09-08,NA
2015,2015-9-9,89,83,76,73,70,66,87,73,59,29.97,29.89,29.81,10,10,10,21,11,24,0.14,4,Rain-Thunderstorm,211,2015-09-09,NA
2015,2015-9-10,79,75,70,72,69,67,93,86,79,29.86,29.78,29.71,10,8,2,22,10,25,1.04,8,Rain,33,2015-09-10,NA
2015,2015-9-11,81,74,66,67,62,59,87,68,49,29.81,29.74,29.69,10,10,10,17,9,23,T,6,Rain,19,2015-09-11,NA
2015,2015-9-12,79,75,70,68,65,61,90,72,54,29.83,29.75,29.65,10,9,2,23,10,30,0.17,6,Rain,152,2015-09-12,NA
2015,2015-9-13,79,71,62,67,60,49,84,65,45,29.86,29.7,29.64,10,10,10,24,10,31,0.05,6,Rain,225,2015-09-13,NA
2015,2015-9-14,75,67,59,49,47,45,62,50,38,30.19,30.02,29.88,10,10,10,24,13,30,0.00,1,,288,2015-09-14,NA
2015,2015-9-15,84,75,65,59,51,48,58,45,31,30.32,30.27,30.2,10,10,10,13,5,16,0.00,1,,299,2015-09-15,NA
2015,2015-9-16,87,78,68,59,55,50,68,48,28,30.33,30.27,30.22,10,10,10,13,4,16,0.00,4,,147,2015-09-16,NA
2015,2015-9-17,87,79,70,63,56,52,73,51,29,30.21,30.13,30.06,10,10,10,16,5,21,0.00,2,,213,2015-09-17,NA
2015,2015-9-18,85,78,70,64,57,54,73,54,34,30.06,30.02,29.97,10,10,10,15,6,20,0.00,1,,174,2015-09-18,NA
2015,2015-9-19,80,75,69,68,64,60,84,69,54,30,29.93,29.86,10,10,7,18,10,24,0.00,4,,183,2015-09-19,NA
2015,2015-9-20,76,71,65,67,54,43,79,56,33,30.11,29.98,29.86,10,10,10,22,13,26,0.00,3,,344,2015-09-20,NA
2015,2015-9-21,73,66,59,49,45,37,62,46,29,30.23,30.19,30.1,10,10,10,22,13,30,0.00,6,,56,2015-09-21,NA
2015,2015-9-22,72,67,61,56,50,44,63,51,38,30.29,30.25,30.23,10,10,10,18,11,24,0.00,7,,54,2015-09-22,NA
2015,2015-9-23,79,69,59,55,50,44,78,54,30,30.27,30.23,30.19,10,10,10,13,6,18,0.00,2,,61,2015-09-23,NA
2015,2015-9-24,81,72,63,58,52,47,63,50,37,30.34,30.28,30.22,10,10,10,18,8,25,0.00,2,,47,2015-09-24,NA
2015,2015-9-25,73,69,64,58,53,46,78,60,41,30.39,30.35,30.32,10,10,10,20,12,25,0.00,7,,63,2015-09-25,NA
2015,2015-9-26,70,65,59,55,50,44,78,59,40,30.48,30.42,30.36,10,10,9,20,12,25,0.00,7,,70,2015-09-26,NA
2015,2015-9-27,69,63,56,59,53,47,78,69,60,30.47,30.4,30.32,10,10,10,16,9,23,0.00,6,,60,2015-09-27,NA
2015,2015-9-28,79,72,65,66,62,59,87,73,58,30.3,30.22,30.12,10,10,6,14,7,23,T,7,,61,2015-09-28,NA
2015,2015-9-29,83,77,71,72,69,67,93,78,62,30.12,30.01,29.87,10,10,4,15,7,21,0.08,7,Rain,149,2015-09-29,NA
2015,2015-9-30,78,69,59,73,66,50,93,80,67,29.96,29.76,29.66,10,9,2,29,15,38,1.03,8,Rain,170,2015-09-30,NA
2015,2015-10-1,64,59,54,53,49,46,80,70,60,30.15,30.07,29.97,10,10,10,24,15,36,0.09,8,Rain,25,2015-10-01,NA
2015,2015-10-2,57,53,49,50,46,44,86,79,71,30.26,30.19,30.14,10,8,2,32,21,43,1.15,8,Rain,31,2015-10-02,NA
2015,2015-10-3,56,53,49,49,47,46,93,83,72,30.35,30.3,30.23,10,7,2,35,25,43,0.36,8,Rain,51,2015-10-03,NA
2015,2015-10-4,63,58,53,48,45,42,77,63,48,30.35,30.29,30.24,10,10,10,28,19,35,0.00,6,,55,2015-10-04,NA
2015,2015-10-5,65,59,52,49,46,42,77,67,56,30.24,30.16,30.09,10,10,10,18,11,23,0.00,5,,34,2015-10-05,NA
2015,2015-10-6,73,64,55,52,47,41,77,56,35,30.09,30.01,29.94,10,10,10,13,6,15,0.00,3,,346,2015-10-06,NA
2015,2015-10-7,73,66,59,52,51,50,75,60,44,30.05,29.99,29.95,10,10,10,14,6,17,0.00,3,,341,2015-10-07,NA
2015,2015-10-8,68,64,60,56,51,48,84,68,52,30.15,30.1,30.04,10,10,10,13,7,17,0.00,4,,75,2015-10-08,NA
2015,2015-10-9,78,70,62,64,59,54,87,71,54,30.08,29.9,29.74,10,9,2,29,10,37,0.50,7,Rain-Thunderstorm,226,2015-10-09,NA
2015,2015-10-10,65,59,52,50,40,34,67,51,34,30.13,30.06,29.9,10,10,10,23,8,29,0.00,2,,342,2015-10-10,NA
2015,2015-10-11,70,62,53,51,44,40,67,52,37,30.06,29.95,29.86,10,10,10,16,7,18,0.00,2,,216,2015-10-11,NA
2015,2015-10-12,76,66,56,55,49,41,73,51,29,29.87,29.81,29.71,10,10,10,17,8,22,0.00,0,,202,2015-10-12,NA
2015,2015-10-13,73,68,62,58,55,49,78,65,52,29.7,29.59,29.51,10,10,10,17,8,21,T,6,Rain,218,2015-10-13,NA
2015,2015-10-14,68,63,58,49,45,42,62,52,42,29.87,29.74,29.64,10,10,10,17,11,25,0.00,5,,285,2015-10-14,NA
2015,2015-10-15,64,58,52,43,39,36,66,50,34,30.02,29.96,29.88,10,10,10,16,10,25,0.00,1,,283,2015-10-15,NA
2015,2015-10-16,64,60,55,47,40,35,72,54,36,30.03,29.96,29.89,10,10,10,23,12,28,0.00,3,,282,2015-10-16,NA
2015,2015-10-17,55,49,43,39,31,22,71,52,32,30.22,30.1,30.02,10,10,10,22,14,29,0.00,3,,304,2015-10-17,NA
2015,2015-10-18,50,45,39,28,25,19,60,46,31,30.38,30.28,30.21,10,10,10,24,12,29,0.00,3,,327,2015-10-18,NA
2015,2015-10-19,53,45,37,32,25,21,59,45,30,30.5,30.4,30.27,10,10,10,18,9,28,0.00,1,,281,2015-10-19,NA
2015,2015-10-20,71,60,49,40,36,32,61,44,27,30.26,30.21,30.14,10,10,9,20,12,25,0.00,4,,231,2015-10-20,NA
2015,2015-10-21,76,67,57,54,45,40,72,52,31,30.31,30.26,30.22,10,10,9,14,6,20,0.00,3,,200,2015-10-21,NA
2015,2015-10-22,76,67,57,50,47,46,67,53,38,30.23,30.14,30.04,10,10,9,21,10,25,0.00,5,,213,2015-10-22,NA
2015,2015-10-23,65,56,46,50,36,29,60,46,31,30.36,30.21,30.09,10,10,7,23,13,29,0.00,0,,360,2015-10-23,NA
2015,2015-10-24,57,49,41,46,38,30,72,63,53,30.41,30.33,30.2,10,10,10,14,8,16,0.00,6,,83,2015-10-24,NA
2015,2015-10-25,68,60,51,53,47,35,86,67,47,30.26,30.11,30.03,10,9,2,22,13,30,0.03,7,Rain,254,2015-10-25,NA
2015,2015-10-26,59,54,48,38,34,29,66,50,33,30.5,30.4,30.27,10,10,10,15,7,21,0.00,2,,10,2015-10-26,NA
2015,2015-10-27,59,53,46,44,38,31,71,59,46,30.58,30.51,30.48,10,10,10,12,7,18,0.00,6,,66,2015-10-27,NA
2015,2015-10-28,70,61,51,65,56,43,90,81,71,30.46,30.04,29.65,10,6,2,31,18,44,1.25,8,Rain,120,2015-10-28,NA
2015,2015-10-29,74,66,58,66,51,30,93,60,26,29.74,29.61,29.55,10,9,2,30,15,38,0.01,6,Rain,224,2015-10-29,NA
2015,2015-10-30,60,54,48,38,32,30,50,43,36,30.12,29.92,29.76,10,10,10,22,14,28,0.00,1,,308,2015-10-30,NA
2015,2015-10-31,56,50,43,41,33,30,68,55,41,30.24,30.16,30.06,10,10,10,14,6,18,0.00,4,,183,2015-10-31,NA
2015,2015-11-1,65,59,53,52,47,37,72,63,54,30.05,29.94,29.85,10,10,10,17,9,22,T,7,Rain,220,2015-11-01,NA
2015,2015-11-2,63,60,56,50,44,39,77,62,46,30.12,30.07,30,10,10,10,13,4,16,0.00,6,,304,2015-11-02,NA
2015,2015-11-3,73,62,51,51,46,41,83,57,31,30.25,30.17,30.11,10,10,10,12,3,15,0.00,0,,218,2015-11-03,NA
2015,2015-11-4,70,63,55,54,50,45,86,65,44,30.38,30.33,30.25,10,10,9,13,5,18,0.00,1,,96,2015-11-04,NA
2015,2015-11-5,71,64,57,64,59,54,93,83,73,30.31,30.24,30.12,9,4,0,10,4,17,T,7,Rain,195,2015-11-05,NA
2015,2015-11-6,75,70,65,63,62,57,87,78,68,30.11,29.98,29.81,10,8,4,23,10,32,0.00,7,,211,2015-11-06,NA
2015,2015-11-7,72,63,54,53,44,33,61,52,43,30.14,30.01,29.91,10,10,10,21,11,28,0.00,7,,315,2015-11-07,NA
2015,2015-11-8,58,53,48,35,32,29,61,48,35,30.42,30.33,30.17,10,10,10,22,9,28,0.00,2,,320,2015-11-08,NA
2015,2015-11-9,60,53,46,45,35,26,65,46,27,30.47,30.4,30.3,10,10,10,14,4,21,0.00,4,,173,2015-11-09,NA
2015,2015-11-10,59,56,52,54,50,43,93,77,61,30.28,30.03,29.74,10,8,2,29,16,37,0.27,8,Rain,57,2015-11-10,NA
2015,2015-11-11,57,54,50,49,47,45,89,78,67,29.96,29.83,29.73,10,8,3,23,11,33,0.23,8,Rain,2,2015-11-11,NA
2015,2015-11-12,60,56,51,54,50,41,89,78,67,29.96,29.77,29.53,10,9,3,28,11,37,0.01,7,Rain,167,2015-11-12,NA
2015,2015-11-13,59,54,48,38,30,21,55,43,30,29.82,29.68,29.57,10,10,10,31,20,43,0.00,2,,270,2015-11-13,NA
2015,2015-11-14,49,46,43,29,26,22,53,44,34,30.26,30.05,29.84,10,10,10,33,16,45,0.00,2,,299,2015-11-14,NA
2015,2015-11-15,59,51,42,32,29,25,57,45,33,30.31,30.23,30.17,10,10,10,17,10,23,0.00,2,,247,2015-11-15,NA
2015,2015-11-16,68,60,51,41,36,28,59,45,30,30.33,30.21,30.16,10,10,10,16,6,20,0.00,0,,309,2015-11-16,NA
2015,2015-11-17,53,47,41,35,32,27,65,52,38,30.57,30.51,30.35,10,10,10,23,12,28,0.00,2,,58,2015-11-17,NA
2015,2015-11-18,59,52,45,50,42,35,72,64,55,30.55,30.46,30.32,10,10,2,17,10,23,0.00,7,,117,2015-11-18,NA
2015,2015-11-19,64,60,55,61,57,50,93,85,77,30.32,30.1,29.93,10,6,2,28,15,41,1.16,8,Rain,152,2015-11-19,NA
2015,2015-11-20,64,56,47,61,35,22,87,58,28,30.23,30.09,29.93,10,10,10,22,13,28,0.00,3,,316,2015-11-20,NA
2015,2015-11-21,54,49,43,42,31,26,66,54,42,30.29,30.18,29.94,10,10,10,16,9,22,0.00,4,,56,2015-11-21,NA
2015,2015-11-22,56,50,44,50,36,24,77,57,36,29.94,29.9,29.85,10,10,10,23,12,30,T,7,Rain,303,2015-11-22,NA
2015,2015-11-23,44,40,36,25,19,11,56,42,27,30.24,30.05,29.89,10,10,10,24,14,29,0.00,1,,324,2015-11-23,NA
2015,2015-11-24,47,40,33,26,21,17,61,48,34,30.53,30.36,30.25,10,10,10,17,8,21,0.00,3,,270,2015-11-24,NA
2015,2015-11-25,49,45,40,34,28,24,60,53,45,30.81,30.72,30.55,10,10,10,10,6,21,0.00,1,,45,2015-11-25,NA
2015,2015-11-26,60,51,41,52,43,31,93,76,58,30.82,30.75,30.64,10,9,5,10,4,20,0.00,4,,112,2015-11-26,NA
2015,2015-11-27,65,57,48,51,48,42,96,72,48,30.62,30.43,30.22,10,10,7,15,7,23,0.00,4,Fog,216,2015-11-27,NA
2015,2015-11-28,62,53,44,49,45,36,89,76,62,30.22,30.17,30.11,10,10,10,15,8,20,0.03,7,Rain,326,2015-11-28,NA
2015,2015-11-29,48,43,38,36,27,22,76,57,37,30.4,30.26,30.21,10,10,10,18,11,24,T,4,,9,2015-11-29,NA
2015,2015-11-30,46,40,34,37,30,22,70,62,54,30.45,30.4,30.31,10,10,10,20,12,29,0.00,5,,46,2015-11-30,NA
2015,2015-12-1,53,49,45,46,44,39,93,82,71,30.3,30.15,30.01,10,6,2,17,11,23,0.33,8,Rain,58,2015-12-01,NA
2015,2015-12-2,57,51,45,55,49,44,100,93,86,29.99,29.8,29.65,10,3,0,17,6,22,0.14,8,Rain,59,2015-12-02,NA
2015,2015-12-3,56,51,45,45,34,28,77,60,42,30.23,29.9,29.64,10,10,10,28,15,38,0.00,5,,290,2015-12-03,NA
2015,2015-12-4,52,48,44,32,31,29,62,53,44,30.58,30.42,30.24,10,10,10,17,11,23,0.00,1,,318,2015-12-04,NA
2015,2015-12-5,52,48,43,35,32,31,65,55,44,30.69,30.64,30.58,10,10,10,9,3,13,0.00,0,,309,2015-12-05,NA
2015,2015-12-6,53,47,40,37,34,31,76,60,44,30.6,30.43,30.25,10,9,7,10,5,13,0.00,2,,226,2015-12-06,NA
2015,2015-12-7,55,49,43,35,32,27,70,53,35,30.24,30.13,30.04,10,9,6,15,5,20,0.00,6,,325,2015-12-07,NA
2015,2015-12-8,49,45,41,34,32,30,70,63,56,30.14,30.1,30.05,10,10,10,16,6,20,0.00,6,,13,2015-12-08,NA
2015,2015-12-9,55,47,39,48,39,32,86,70,54,30.17,30.09,29.99,10,10,7,16,7,22,0.00,7,,162,2015-12-09,NA
2015,2015-12-10,61,57,52,48,45,42,83,67,51,30,29.96,29.93,10,9,7,13,5,17,T,5,,214,2015-12-10,NA
2015,2015-12-11,61,55,49,48,46,44,89,73,57,30.01,29.93,29.89,10,8,0,13,7,17,0.00,6,,201,2015-12-11,NA
2015,2015-12-12,66,60,53,50,48,46,77,65,52,30.15,30.11,30.03,10,8,6,12,3,15,T,7,Rain,203,2015-12-12,NA
2015,2015-12-13,62,58,53,52,48,45,83,73,62,30.17,30.13,30.1,10,8,6,16,6,20,0.00,6,,78,2015-12-13,NA
2015,2015-12-14,64,58,51,61,53,46,100,89,77,30.09,29.81,29.42,10,4,0,17,7,22,0.28,8,Fog-Rain,108,2015-12-14,NA
2015,2015-12-15,64,58,52,61,45,37,93,68,42,29.87,29.56,29.36,10,10,2,31,17,41,0.11,5,Rain,281,2015-12-15,NA
2015,2015-12-16,52,49,45,46,38,32,71,61,50,30.15,30.09,29.91,10,9,2,20,9,24,0.04,6,Rain,89,2015-12-16,NA
2015,2015-12-17,59,55,50,55,52,43,93,84,74,30.06,29.85,29.65,10,6,1,17,7,23,0.89,8,Rain,122,2015-12-17,NA
2015,2015-12-18,57,48,39,52,37,19,93,69,44,29.85,29.73,29.66,10,10,10,25,14,30,0.01,6,Rain,310,2015-12-18,NA
2015,2015-12-19,41,39,36,22,18,15,48,43,37,30.28,30.08,29.85,10,10,10,24,18,38,0.00,5,,272,2015-12-19,NA
2015,2015-12-20,44,40,36,22,20,16,48,40,31,30.52,30.44,30.28,10,10,10,26,12,33,0.00,5,,270,2015-12-20,NA
2015,2015-12-21,57,49,40,46,33,21,66,55,44,30.42,30.24,30.09,10,10,10,18,9,24,0.00,7,,216,2015-12-21,NA
2015,2015-12-22,62,59,55,57,53,47,93,80,67,30.11,29.99,29.89,10,8,1,17,7,23,0.18,8,Rain,210,2015-12-22,NA
2015,2015-12-23,63,57,50,61,52,48,96,91,86,30.21,30.07,29.84,8,2,0,18,8,23,1.45,8,Fog-Rain,58,2015-12-23,NA
2015,2015-12-24,72,66,59,64,60,53,97,80,63,30.12,29.95,29.83,10,8,2,23,9,32,0.01,7,Rain,212,2015-12-24,NA
2015,2015-12-25,64,59,54,58,54,49,93,83,72,30.24,30.16,30.1,10,9,7,9,2,12,0.03,7,Rain,56,2015-12-25,NA
2015,2015-12-26,59,53,47,45,36,31,67,54,41,30.5,30.4,30.27,10,10,6,18,10,23,0.01,7,Rain,47,2015-12-26,NA
2015,2015-12-27,62,54,46,57,49,35,100,81,61,30.27,29.98,29.78,10,5,0,22,10,31,0.15,8,Rain,273,2015-12-27,NA
2015,2015-12-28,48,42,35,33,26,20,70,56,41,30.53,30.4,30.11,10,10,8,23,14,29,0.05,7,Rain-Snow,48,2015-12-28,NA
2015,2015-12-29,48,41,34,45,38,28,93,88,82,30.41,30.11,29.92,10,5,2,23,11,29,0.45,8,Rain-Snow,46,2015-12-29,NA
2015,2015-12-30,48,44,40,45,40,37,92,87,82,30.34,30.21,30.06,10,6,2,14,6,22,0.17,8,Rain,65,2015-12-30,NA
2015,2015-12-31,50,47,43,45,38,29,93,73,53,30.1,30.05,30,10,9,2,22,12,28,0.03,7,,322,2015-12-31,NA
2016,2016-1-1,43,40,36,29,24,16,60,52,44,30.07,30.03,29.98,10,10,10,23,14,31,0.00,6,,283,2016-01-01,NA
2016,2016-1-2,41,38,34,21,19,16,52,46,40,30.1,30.03,29.96,10,10,10,21,13,31,0.00,4,,268,2016-01-02,NA
2016,2016-1-3,47,42,36,25,23,20,56,45,34,29.94,29.86,29.79,10,10,10,22,12,28,0.00,2,,259,2016-01-03,NA
2016,2016-1-4,38,27,15,25,13,6,61,50,39,30.32,30.05,29.87,10,10,10,29,19,40,0.00,3,,338,2016-01-04,NA
2016,2016-1-5,30,22,13,7,3,-1,67,48,29,30.63,30.58,30.46,10,10,10,25,11,33,0.00,0,,356,2016-01-05,NA
2016,2016-1-6,43,35,26,14,7,2,50,34,18,30.59,30.51,30.41,10,10,10,14,6,17,0.00,1,,229,2016-01-06,NA
2016,2016-1-7,48,40,32,27,15,8,53,39,25,30.38,30.28,30.19,10,10,10,10,4,15,0.00,4,,353,2016-01-07,NA
2016,2016-1-8,48,41,34,36,29,18,70,55,40,30.24,30.2,30.17,10,10,10,20,10,24,0.00,6,,49,2016-01-08,NA
2016,2016-1-9,47,44,41,43,39,34,89,80,70,30.21,30.15,30.06,10,10,5,20,12,24,T,8,Rain,54,2016-01-09,NA
2016,2016-1-10,59,51,42,56,47,24,93,71,49,30.01,29.56,29.29,10,5,0,30,17,40,1.42,7,Rain,138,2016-01-10,NA
2016,2016-1-11,42,35,28,22,10,3,49,38,27,30.12,29.92,29.63,10,10,10,26,17,39,0.00,1,,277,2016-01-11,NA
2016,2016-1-12,45,36,26,30,16,5,70,52,33,30.11,29.86,29.65,10,10,10,33,12,43,T,6,Rain,207,2016-01-12,NA
2016,2016-1-13,31,28,24,9,6,4,50,41,32,30.03,29.95,29.75,10,10,10,33,19,51,0.00,3,,272,2016-01-13,NA
2016,2016-1-14,39,32,24,24,14,3,59,49,39,29.99,29.95,29.9,10,10,9,20,10,25,T,7,Snow,263,2016-01-14,NA
2016,2016-1-15,52,43,34,41,34,22,89,73,56,29.95,29.82,29.54,10,10,9,20,6,23,0.01,7,,81,2016-01-15,NA
2016,2016-1-16,52,47,42,41,37,30,89,70,50,29.76,29.53,29.34,10,8,4,24,12,31,0.25,7,Rain,322,2016-01-16,NA
2016,2016-1-17,44,38,31,31,24,19,85,69,52,29.9,29.78,29.69,10,7,1,20,10,23,0.05,7,Snow,348,2016-01-17,NA
2016,2016-1-18,33,27,20,24,9,0,72,51,29,29.99,29.83,29.68,10,9,2,31,20,39,T,3,Snow,291,2016-01-18,NA
2016,2016-1-19,30,24,18,15,6,2,52,45,38,30.13,30.03,29.98,10,10,10,32,21,43,0.00,1,,291,2016-01-19,NA
2016,2016-1-20,38,34,30,18,17,16,58,49,40,30.22,30.14,30.07,10,10,10,28,13,36,0.00,5,,318,2016-01-20,NA
2016,2016-1-21,38,33,27,16,14,10,58,48,37,30.25,30.15,30.07,10,10,10,23,15,31,0.00,3,,321,2016-01-21,NA
2016,2016-1-22,30,26,22,20,8,6,50,43,36,30.32,30.22,30.12,10,9,2,21,11,26,T,6,Snow,14,2016-01-22,NA
2016,2016-1-23,28,27,25,26,23,17,92,78,63,30.1,29.79,29.61,7,1,0,38,24,48,2.40,8,Fog-Snow,35,2016-01-23,NA
2016,2016-1-24,36,30,24,18,13,9,63,51,38,30.1,29.93,29.74,10,9,4,31,13,41,0.03,4,Snow,329,2016-01-24,NA
2016,2016-1-25,38,34,30,26,20,16,64,54,44,30.31,30.25,30.12,10,10,7,10,5,15,0.00,5,,263,2016-01-25,NA
2016,2016-1-26,49,42,35,32,31,28,76,65,53,30.21,30.03,29.93,10,10,9,15,7,21,T,7,,219,2016-01-26,NA
2016,2016-1-27,48,41,34,33,25,19,70,54,37,30.13,30.03,29.92,10,10,10,24,12,30,0.01,5,Rain,310,2016-01-27,NA
2016,2016-1-28,44,37,29,26,21,18,64,50,36,30.14,29.91,29.68,10,10,10,16,6,20,0.00,4,,198,2016-01-28,NA
2016,2016-1-29,42,37,32,28,23,17,60,54,48,29.84,29.58,29.45,10,10,10,29,13,41,0.00,6,,298,2016-01-29,NA
2016,2016-1-30,40,35,30,23,18,16,58,48,37,30.09,30.02,29.87,10,10,10,24,10,29,0.00,3,,249,2016-01-30,NA
2016,2016-1-31,56,47,37,39,30,24,76,56,35,29.99,29.9,29.79,10,10,10,12,7,15,0.00,5,,199,2016-01-31,NA
2016,2016-2-1,59,51,43,41,35,26,76,59,41,30.08,29.84,29.73,10,10,10,18,9,23,T,6,Rain,286,2016-02-01,NA
2016,2016-2-2,52,45,38,33,27,24,65,50,35,30.38,30.28,30.1,10,10,10,12,5,15,0.00,2,,6,2016-02-02,NA
2016,2016-2-3,57,50,42,54,48,32,93,75,57,30.32,30.02,29.83,10,6,2,31,12,41,0.69,8,Rain,167,2016-02-03,NA
2016,2016-2-4,58,51,44,54,42,27,93,70,46,30.08,29.96,29.86,10,9,2,24,10,32,0.01,8,Rain,312,2016-02-04,NA
2016,2016-2-5,44,38,32,32,26,16,89,65,40,30.32,30.12,30.04,10,6,0,28,17,38,0.35,6,Fog-Rain-Snow,346,2016-02-05,NA
2016,2016-2-6,39,36,32,23,19,17,56,46,29,30.44,30.34,30.26,10,10,10,14,9,20,0.00,4,,245,2016-02-06,NA
2016,2016-2-7,46,40,33,31,25,22,70,54,37,30.24,30.11,29.91,10,10,10,22,7,25,0.00,5,,64,2016-02-07,NA
2016,2016-2-8,41,35,28,29,26,23,85,68,50,29.86,29.78,29.73,10,7,0,24,14,31,0.06,8,Fog-Rain-Snow,33,2016-02-08,NA
2016,2016-2-9,36,32,27,26,23,21,78,70,61,29.75,29.64,29.57,10,10,8,16,8,22,T,8,Snow,62,2016-02-09,NA
2016,2016-2-10,40,36,32,30,24,15,82,63,44,29.75,29.63,29.58,10,8,2,22,12,28,0.01,7,Rain-Snow,254,2016-02-10,NA
2016,2016-2-11,32,26,20,20,6,-2,75,54,32,30.2,29.92,29.75,10,9,0,32,21,43,0.05,5,Snow,292,2016-02-11,NA
2016,2016-2-12,27,22,17,8,1,-1,49,41,32,30.27,30.13,29.93,10,10,10,18,12,23,T,5,,262,2016-02-12,NA
2016,2016-2-13,24,16,8,12,1,-9,68,50,31,30.32,30.08,29.87,10,10,10,36,23,48,0.00,3,,298,2016-02-13,NA
2016,2016-2-14,17,9,1,-7,-11,-14,60,44,27,30.56,30.48,30.32,10,10,10,33,14,38,0.00,1,,322,2016-02-14,NA
2016,2016-2-15,35,25,15,34,13,-11,100,65,30,30.57,30.38,30.09,10,5,0,17,8,21,0.49,8,Fog-Rain-Snow,61,2016-02-15,NA
2016,2016-2-16,57,46,35,54,45,27,100,80,60,30.06,29.68,29.4,10,6,0,32,18,51,0.80,7,Fog-Rain,189,2016-02-16,NA
2016,2016-2-17,41,39,36,27,25,23,64,59,54,30.19,29.99,29.79,10,10,10,21,14,26,0.00,7,,305,2016-02-17,NA
2016,2016-2-18,37,33,28,22,10,4,61,43,25,30.55,30.4,30.21,10,10,10,22,14,28,0.00,1,,345,2016-02-18,NA
2016,2016-2-19,40,33,25,32,17,6,70,51,32,30.61,30.43,30.19,10,10,10,17,9,22,0.00,6,,142,2016-02-19,NA
2016,2016-2-20,62,51,40,37,32,27,79,57,35,30.14,29.92,29.8,10,10,10,18,12,25,0.00,4,,216,2016-02-20,NA
2016,2016-2-21,57,50,42,38,33,30,76,57,38,29.98,29.91,29.81,10,10,10,17,8,24,0.05,6,Rain,339,2016-02-21,NA
2016,2016-2-22,53,46,38,32,28,23,76,54,32,30.27,30.12,29.97,10,10,10,18,8,21,0.00,4,,21,2016-02-22,NA
2016,2016-2-23,41,39,36,34,31,19,92,70,48,30.32,30.27,30.19,10,8,3,29,18,38,0.21,8,Rain-Snow,58,2016-02-23,NA
2016,2016-2-24,61,49,36,57,43,34,93,89,85,30.17,29.78,29.31,8,3,0,41,18,55,1.55,8,Rain-Thunderstorm,92,2016-02-24,NA
2016,2016-2-25,61,50,39,55,41,29,96,73,50,29.55,29.32,29.23,10,8,0,41,16,52,0.02,7,Rain,218,2016-02-25,NA
2016,2016-2-26,40,35,29,21,13,5,64,47,29,30.11,29.87,29.58,10,10,10,30,20,38,0.00,3,,305,2016-02-26,NA
2016,2016-2-27,42,35,28,20,14,10,50,41,32,30.14,30.06,29.98,10,10,10,24,12,30,0.00,3,,261,2016-02-27,NA
2016,2016-2-28,61,50,39,35,26,20,61,44,27,29.99,29.89,29.74,10,10,10,20,11,28,0.00,4,,215,2016-02-28,NA
2016,2016-2-29,61,52,42,42,33,24,76,56,35,29.94,29.7,29.61,10,10,7,24,13,37,0.07,3,Rain,227,2016-02-29,NA
2016,2016-3-1,53,47,40,47,27,13,77,53,28,30.19,30.01,29.63,10,10,10,23,12,30,0.00,4,,77,2016-03-01,NA
2016,2016-3-2,56,43,30,47,26,11,86,59,32,30.1,29.72,29.45,10,10,6,33,19,43,0.17,5,Rain,288,2016-03-02,NA
2016,2016-3-3,37,32,27,20,10,4,52,39,26,30.27,30.22,30.14,10,10,10,26,11,33,0.00,5,,292,2016-03-03,NA
2016,2016-3-4,39,35,30,28,25,17,85,69,52,30.17,30.11,30,10,5,1,21,12,24,0.08,7,Snow,59,2016-03-04,NA
2016,2016-3-5,41,36,30,22,14,4,56,39,22,30.23,30.17,30.1,10,10,10,17,9,22,0.00,4,,351,2016-03-05,NA
2016,2016-3-6,47,40,33,25,15,9,56,44,32,30.31,30.27,30.22,10,10,10,10,6,17,0.00,4,,35,2016-03-06,NA
2016,2016-3-7,61,49,37,36,31,26,70,53,36,30.29,30.14,29.97,10,10,7,21,11,30,0.00,4,,216,2016-03-07,NA
2016,2016-3-8,64,54,43,41,37,33,82,59,36,30.16,30.13,30.06,10,9,6,15,6,20,0.00,5,,102,2016-03-08,NA
2016,2016-3-9,75,58,41,44,40,38,89,59,29,30.16,30.07,29.99,10,8,6,15,7,20,0.00,4,,163,2016-03-09,NA
2016,2016-3-10,78,70,62,54,47,45,58,44,30,30.02,29.94,29.86,10,10,10,16,8,22,T,7,Rain,237,2016-03-10,NA
2016,2016-3-11,66,58,49,54,43,31,86,61,36,30.33,30.09,29.88,10,10,4,25,11,32,0.04,6,Rain,326,2016-03-11,NA
2016,2016-3-12,57,49,41,40,33,28,57,49,41,30.35,30.21,30,10,10,10,16,8,18,0.00,5,,177,2016-03-12,NA
2016,2016-3-13,64,57,50,40,34,26,66,46,25,30.13,30.04,29.97,10,10,10,14,6,23,0.01,7,Rain,236,2016-03-13,NA
2016,2016-3-14,52,47,41,40,37,30,83,70,56,30.14,30.06,29.9,10,8,3,30,18,38,0.18,8,Rain,63,2016-03-14,NA
2016,2016-3-15,57,51,44,45,43,41,92,77,61,29.87,29.8,29.77,10,9,4,25,9,32,T,7,Rain,21,2016-03-15,NA
2016,2016-3-16,65,55,45,46,44,41,86,67,48,29.87,29.82,29.75,10,10,6,15,6,20,0.02,6,Rain-Thunderstorm,141,2016-03-16,NA
2016,2016-3-17,64,55,45,43,38,30,92,62,32,29.89,29.83,29.75,10,10,9,30,9,40,0.04,4,Rain,267,2016-03-17,NA
2016,2016-3-18,57,50,43,34,27,22,53,40,26,29.97,29.82,29.78,10,10,10,31,16,38,T,3,,295,2016-03-18,NA
2016,2016-3-19,47,42,37,24,16,9,48,35,21,30.15,30.08,29.99,10,10,10,20,7,23,0.00,5,,3,2016-03-19,NA
2016,2016-3-20,42,38,33,31,21,11,82,56,30,30.19,30.07,29.95,10,8,2,23,15,29,0.07,7,Snow,45,2016-03-20,NA
2016,2016-3-21,50,42,33,32,24,12,89,56,23,30.04,29.86,29.76,10,8,2,30,15,38,0.07,5,Snow,330,2016-03-21,NA
2016,2016-3-22,56,47,37,35,22,16,54,38,22,30.2,30.09,30.01,10,10,10,21,14,28,0.00,3,,240,2016-03-22,NA
2016,2016-3-23,71,60,49,41,32,28,64,42,20,30.05,29.96,29.92,10,10,10,17,8,23,0.00,6,,231,2016-03-23,NA
2016,2016-3-24,53,49,44,42,38,35,92,73,54,30.11,30.02,29.87,10,9,2,23,15,28,0.00,6,,56,2016-03-24,NA
2016,2016-3-25,73,59,44,58,47,35,93,66,39,30.04,29.77,29.7,10,8,0,20,10,25,0.07,6,Rain,62,2016-03-25,NA
2016,2016-3-26,51,45,39,36,31,26,70,59,48,30.4,30.29,30.07,10,10,10,17,10,21,0.00,4,,70,2016-03-26,NA
2016,2016-3-27,54,49,43,37,35,34,76,63,50,30.41,30.33,30.17,10,10,10,15,8,20,T,7,,98,2016-03-27,NA
2016,2016-3-28,63,53,43,47,40,30,89,63,36,30.1,29.7,29.5,10,6,0,38,17,49,0.51,7,Rain,25,2016-03-28,NA
2016,2016-3-29,53,48,42,31,22,13,53,39,24,30.22,29.94,29.7,10,10,10,35,23,46,0.00,2,,309,2016-03-29,NA
2016,2016-3-30,53,46,39,35,21,13,61,41,21,30.38,30.28,30.16,10,10,10,23,11,29,0.00,2,,209,2016-03-30,NA
2016,2016-3-31,70,60,49,54,44,25,80,60,39,30.14,29.95,29.78,10,10,8,24,13,32,T,6,,184,2016-03-31,NA
2016,2016-4-1,79,68,56,59,54,44,93,69,45,29.77,29.61,29.46,10,10,6,22,9,28,0.01,7,Rain-Thunderstorm,190,2016-04-01,NA
2016,2016-4-2,61,55,48,46,43,38,86,70,54,29.65,29.5,29.29,10,10,5,18,10,24,0.13,7,Rain,199,2016-04-02,NA
2016,2016-4-3,50,43,35,44,20,7,80,53,25,30.05,29.65,29.23,10,10,6,43,22,54,0.11,5,Rain,304,2016-04-03,NA
2016,2016-4-4,45,38,31,40,30,14,89,63,37,30.06,29.91,29.8,10,8,2,21,12,30,0.50,8,Rain,40,2016-04-04,NA
2016,2016-4-5,43,35,27,23,11,4,69,46,22,30.38,30.25,30.07,10,10,10,28,14,32,0.00,3,,352,2016-04-05,NA
2016,2016-4-6,48,40,32,39,18,7,76,51,25,30.41,30.25,29.98,10,10,10,30,12,39,0.00,4,,160,2016-04-06,NA
2016,2016-4-7,60,54,47,52,45,38,86,69,51,29.96,29.59,29.37,10,9,5,31,15,43,0.15,7,Rain,188,2016-04-07,NA
2016,2016-4-8,51,46,41,37,27,20,61,48,34,29.79,29.62,29.47,10,10,10,26,15,36,T,4,,269,2016-04-08,NA
2016,2016-4-9,44,41,38,36,28,19,85,65,44,29.99,29.78,29.73,10,10,6,20,9,23,0.07,7,Rain,16,2016-04-09,NA
2016,2016-4-10,50,42,33,31,19,13,58,41,24,30.33,30.26,30.05,10,10,10,24,12,31,0.00,3,,263,2016-04-10,NA
2016,2016-4-11,61,53,44,46,39,29,77,62,46,30.32,30.14,29.98,10,10,10,22,13,26,0.01,7,Rain,175,2016-04-11,NA
2016,2016-4-12,58,52,46,54,39,22,89,61,32,30.28,30.04,29.91,10,9,2,26,13,32,0.22,6,Rain,262,2016-04-12,NA
2016,2016-4-13,57,50,42,34,27,23,60,45,30,30.43,30.35,30.3,10,10,10,17,8,21,0.00,1,,35,2016-04-13,NA
2016,2016-4-14,61,52,43,35,31,21,76,49,22,30.4,30.34,30.28,10,10,10,16,8,23,0.00,1,,80,2016-04-14,NA
2016,2016-4-15,63,54,44,37,30,19,76,48,20,30.47,30.41,30.36,10,10,10,16,6,20,0.00,0,,121,2016-04-15,NA
2016,2016-4-16,65,55,45,37,28,16,76,46,15,30.48,30.43,30.38,10,10,10,16,7,24,0.00,3,,82,2016-04-16,NA
2016,2016-4-17,74,61,48,39,32,23,71,44,17,30.46,30.37,30.26,10,10,10,15,6,17,0.00,1,,231,2016-04-17,NA
2016,2016-4-18,80,65,49,40,34,28,66,41,16,30.27,30.17,30.06,10,10,10,18,5,22,0.00,4,,127,2016-04-18,NA
2016,2016-4-19,69,63,56,43,33,21,44,31,18,30.14,30,29.94,10,10,10,24,12,30,0.00,5,,324,2016-04-19,NA
2016,2016-4-20,67,59,51,37,25,11,51,31,11,30.27,30.21,30.16,10,10,10,18,10,24,0.00,0,,342,2016-04-20,NA
2016,2016-4-21,70,60,50,49,36,24,56,40,23,30.22,30.09,29.96,10,10,10,18,10,23,0.00,4,,205,2016-04-21,NA
2016,2016-4-22,78,70,61,57,54,47,72,59,45,29.97,29.88,29.8,10,10,10,16,8,22,T,7,,194,2016-04-22,NA
2016,2016-4-23,69,62,55,61,49,31,93,65,36,29.95,29.83,29.76,10,9,4,21,11,25,0.14,6,Rain,355,2016-04-23,NA
2016,2016-4-24,67,58,48,41,25,17,64,40,16,30.11,30.03,29.97,10,10,10,20,10,24,0.00,2,,63,2016-04-24,NA
2016,2016-4-25,68,60,51,47,40,32,71,52,32,30.05,29.97,29.85,10,10,10,14,7,20,0.00,6,,72,2016-04-25,NA
2016,2016-4-26,57,52,47,50,47,40,89,81,72,29.87,29.75,29.65,10,9,4,23,12,26,0.30,8,Rain-Thunderstorm,46,2016-04-26,NA
2016,2016-4-27,60,54,47,44,40,37,76,64,51,29.95,29.9,29.87,10,10,10,17,8,21,0.00,6,,103,2016-04-27,NA
2016,2016-4-28,59,54,48,45,32,22,71,48,24,30.07,30.02,29.91,10,10,10,15,9,22,T,7,Rain,101,2016-04-28,NA
2016,2016-4-29,59,53,47,40,34,19,66,45,23,30.15,30.09,30.04,10,10,10,20,9,25,0.02,8,Rain,82,2016-04-29,NA
2016,2016-4-30,63,55,47,39,37,31,71,51,30,30.24,30.2,30.14,10,10,10,16,8,20,0.00,6,,95,2016-04-30,NA
2016,2016-5-1,52,49,45,45,42,34,93,72,50,30.24,30.15,30.09,10,7,2,17,9,23,0.15,8,Rain,100,2016-05-01,NA
2016,2016-5-2,62,54,45,52,47,43,93,79,64,30.07,29.96,29.89,10,7,0,10,5,14,0.04,7,,208,2016-05-02,NA
2016,2016-5-3,55,53,51,53,51,48,100,95,89,29.92,29.85,29.8,10,6,1,20,9,25,0.75,8,Rain,61,2016-05-03,NA
2016,2016-5-4,54,52,49,51,48,45,100,90,80,29.83,29.77,29.72,10,8,2,20,12,26,0.03,8,Rain,66,2016-05-04,NA
2016,2016-5-5,58,53,47,48,46,44,93,80,66,29.74,29.68,29.63,10,10,6,21,14,26,0.00,8,,44,2016-05-05,NA
2016,2016-5-6,55,52,49,52,49,46,100,92,83,29.82,29.73,29.65,10,8,2,26,15,33,0.56,8,Rain,65,2016-05-06,NA
2016,2016-5-7,57,53,49,52,50,48,100,89,77,29.82,29.78,29.73,10,8,1,18,9,21,T,8,Rain,70,2016-05-07,NA
2016,2016-5-8,65,57,49,54,43,32,100,65,30,29.94,29.73,29.64,10,8,0,31,11,38,0.15,5,Rain,245,2016-05-08,NA
2016,2016-5-9,74,64,54,37,32,30,47,35,22,30.12,29.98,29.92,10,10,10,29,13,37,0.00,5,,256,2016-05-09,NA
2016,2016-5-10,65,58,51,33,31,27,44,36,27,30.27,30.2,30.15,10,10,10,17,7,20,0.00,6,,250,2016-05-10,NA
2016,2016-5-11,74,64,53,50,41,33,83,54,25,30.19,30.14,30.09,10,10,10,15,6,21,0.00,6,,110,2016-05-11,NA
2016,2016-5-12,78,67,56,54,46,37,86,57,27,30.16,30.09,30.01,10,10,9,14,8,22,0.00,4,,91,2016-05-12,NA
2016,2016-5-13,67,63,58,64,58,51,100,88,75,30.01,29.85,29.76,10,8,2,14,6,17,0.25,7,Rain,171,2016-05-13,NA
2016,2016-5-14,73,61,49,61,52,33,93,58,22,29.8,29.71,29.59,10,10,10,32,11,40,T,5,Rain,257,2016-05-14,NA
2016,2016-5-15,59,53,47,46,36,30,66,51,36,29.97,29.79,29.65,10,10,10,35,18,44,T,4,Rain,278,2016-05-15,NA
2016,2016-5-16,68,56,44,33,29,25,58,40,22,30.13,30.04,29.99,10,9,0,33,17,41,0.00,2,,270,2016-05-16,NA
2016,2016-5-17,68,62,56,51,42,31,80,56,32,30.2,30.15,30.12,10,10,10,20,10,25,T,8,Rain,224,2016-05-17,NA
2016,2016-5-18,69,62,55,51,43,38,86,62,37,30.16,30.12,30.09,10,10,0,15,8,23,T,6,Rain,81,2016-05-18,NA
2016,2016-5-19,71,64,56,49,45,41,67,54,41,30.13,30.09,30.06,10,10,10,17,6,22,0.00,6,,135,2016-05-19,NA
2016,2016-5-20,78,68,57,48,44,38,67,47,27,30.26,30.2,30.14,10,10,10,17,8,20,0.00,3,,299,2016-05-20,NA
2016,2016-5-21,67,62,56,56,50,43,100,71,42,30.19,30.07,29.89,10,10,10,16,7,20,0.07,7,Rain,81,2016-05-21,NA
2016,2016-5-22,71,63,54,56,53,47,100,74,48,29.9,29.83,29.81,10,10,7,14,7,17,0.11,7,Rain,66,2016-05-22,NA
2016,2016-5-23,77,67,56,58,54,48,100,76,52,29.94,29.89,29.86,10,10,9,16,7,20,T,5,,149,2016-05-23,NA
2016,2016-5-24,76,68,60,63,58,54,100,79,57,29.98,29.91,29.86,10,9,4,17,4,21,0.28,7,Rain,318,2016-05-24,NA
2016,2016-5-25,90,75,60,59,52,45,84,53,21,30.07,30.03,29.99,10,10,10,18,7,23,0.00,2,,259,2016-05-25,NA
2016,2016-5-26,92,74,55,64,57,53,79,54,28,30.11,30.06,30.02,10,10,10,20,8,23,0.00,5,,208,2016-05-26,NA
2016,2016-5-27,88,78,67,70,67,63,84,71,57,30.06,30.04,30,10,10,7,21,8,26,0.00,5,,166,2016-05-27,NA
2016,2016-5-28,92,83,73,71,67,63,74,59,43,30.12,30.09,30.06,10,10,10,21,9,25,T,3,,193,2016-05-28,NA
2016,2016-5-29,87,79,70,71,65,56,93,65,37,30.14,30.1,30.05,10,10,10,22,11,26,T,4,Rain,186,2016-05-29,NA
2016,2016-5-30,86,78,69,73,70,64,100,87,74,30.04,29.98,29.92,10,7,1,17,8,20,1.53,8,Rain,190,2016-05-30,NA
2016,2016-5-31,84,77,69,72,67,61,93,74,54,29.97,29.94,29.91,10,10,8,15,8,18,0.00,6,,210,2016-05-31,NA
2016,2016-6-1,83,74,65,66,58,53,73,55,37,30.15,30.08,29.98,10,10,8,15,8,20,0.00,5,,66,2016-06-01,NA
2016,2016-6-2,74,68,62,64,60,55,93,74,55,30.16,30.12,30.07,10,10,10,17,10,25,0.00,6,,65,2016-06-02,NA
2016,2016-6-3,72,68,63,64,61,57,87,80,73,30.09,30.05,30.02,10,9,5,12,7,28,0.02,8,Rain,119,2016-06-03,NA
2016,2016-6-4,83,75,66,67,64,61,87,71,55,30.03,29.97,29.9,10,9,2,15,6,18,0.27,7,Rain,172,2016-06-04,NA
2016,2016-6-5,74,71,67,69,64,61,97,85,73,29.91,29.76,29.61,10,7,0,32,9,41,0.67,8,Rain-Thunderstorm,161,2016-06-05,NA
2016,2016-6-6,87,78,68,65,59,54,87,59,31,29.69,29.65,29.63,10,10,10,21,12,26,0.00,4,,239,2016-06-06,NA
2016,2016-6-7,87,77,66,64,56,49,73,50,26,29.61,29.52,29.44,10,10,10,30,12,37,0.01,4,,274,2016-06-07,NA
2016,2016-6-8,70,63,55,54,48,43,86,63,40,29.79,29.65,29.58,10,9,4,29,16,35,0.44,4,Rain,300,2016-06-08,NA
2016,2016-6-9,74,65,56,46,40,35,62,44,25,29.92,29.82,29.78,10,10,10,30,19,38,T,2,,303,2016-06-09,NA
2016,2016-6-10,78,69,59,45,39,36,46,35,23,30.03,29.97,29.92,10,10,10,22,12,31,0.00,1,,315,2016-06-10,NA
2016,2016-6-11,90,77,64,70,55,41,73,54,35,30.04,29.86,29.69,10,10,4,21,8,28,0.10,4,Rain,237,2016-06-11,NA
2016,2016-6-12,86,75,63,65,52,34,84,50,15,29.79,29.67,29.6,10,10,10,36,20,46,0.00,2,,305,2016-06-12,NA
2016,2016-6-13,74,67,59,51,48,45,62,52,41,29.88,29.81,29.78,10,10,10,28,17,35,0.00,5,,318,2016-06-13,NA
2016,2016-6-14,81,71,60,53,47,40,69,48,27,29.96,29.9,29.84,10,10,10,20,11,23,0.00,2,,317,2016-06-14,NA
2016,2016-6-15,87,77,66,59,50,38,58,39,20,29.99,29.91,29.83,10,10,2,21,7,23,0.00,4,,262,2016-06-15,NA
2016,2016-6-16,77,73,68,65,60,55,84,69,53,29.83,29.78,29.73,10,10,5,10,4,20,0.12,7,Rain,64,2016-06-16,NA
2016,2016-6-17,80,73,66,62,54,41,87,58,29,30.12,29.94,29.78,10,10,9,16,8,22,0.00,5,,93,2016-06-17,NA
2016,2016-6-18,86,75,63,57,51,48,63,45,27,30.29,30.2,30.12,10,10,10,20,6,23,0.00,2,,196,2016-06-18,NA
2016,2016-6-19,84,76,68,59,56,52,66,55,43,30.3,30.27,30.24,10,10,10,17,9,21,0.00,4,,143,2016-06-19,NA
2016,2016-6-20,83,75,66,64,61,57,81,63,45,30.23,30.08,29.86,10,10,10,20,8,23,0.00,4,,163,2016-06-20,NA
2016,2016-6-21,89,81,73,65,55,45,55,42,29,29.84,29.79,29.74,10,10,9,31,11,39,T,5,Rain,287,2016-06-21,NA
2016,2016-6-22,86,77,67,59,51,47,73,50,27,29.92,29.82,29.79,10,10,10,28,10,36,0.00,3,,353,2016-06-22,NA
2016,2016-6-23,81,75,68,66,60,51,74,59,43,29.91,29.86,29.8,10,10,10,15,8,19,0.00,6,,59,2016-06-23,NA
2016,2016-6-24,85,77,68,65,58,52,84,58,32,30.11,30.02,29.88,10,10,7,20,11,25,0.00,2,,71,2016-06-24,NA
2016,2016-6-25,83,74,65,62,56,47,87,60,32,30.2,30.17,30.11,10,10,10,15,10,23,0.00,2,,85,2016-06-25,NA
2016,2016-6-26,86,78,70,61,56,46,73,53,32,30.23,30.18,30.11,10,10,10,20,9,25,0.00,4,,185,2016-06-26,NA
2016,2016-6-27,84,77,69,69,61,50,93,69,44,30.12,30.05,29.98,10,10,6,24,11,32,0.28,5,Rain,192,2016-06-27,NA
2016,2016-6-28,78,74,70,70,69,64,93,86,79,29.99,29.92,29.87,10,8,0,17,10,22,0.33,8,Rain,169,2016-06-28,NA
2016,2016-6-29,87,79,70,68,63,55,90,63,35,29.93,29.87,29.84,10,10,8,18,7,25,T,6,,322,2016-06-29,NA
2016,2016-6-30,87,79,70,63,58,51,66,48,29,30.02,29.99,29.94,10,10,10,20,8,24,0.00,2,,292,2016-06-30,NA
2016,2016-7-1,81,76,70,71,66,57,84,69,54,30.02,29.93,29.84,10,9,2,21,9,26,0.28,6,Rain-Thunderstorm,179,2016-07-01,NA
2016,2016-7-2,78,73,68,69,55,47,93,63,32,30.05,29.96,29.84,10,10,10,24,14,28,0.00,4,,299,2016-07-02,NA
2016,2016-7-3,82,76,69,58,53,45,61,45,28,30.12,30.07,30.04,10,10,10,18,8,22,0.00,7,,257,2016-07-03,NA
2016,2016-7-4,86,78,69,68,60,47,90,59,28,30.08,30.02,29.92,10,9,3,22,9,25,0.51,6,Rain,212,2016-07-04,NA
2016,2016-7-5,89,79,69,70,68,65,100,72,44,29.91,29.79,29.75,10,8,2,14,7,18,0.57,7,Rain,11,2016-07-05,NA
2016,2016-7-6,96,87,77,71,67,62,74,55,36,29.88,29.84,29.8,10,10,10,18,6,22,0.00,3,,201,2016-07-06,NA
2016,2016-7-7,93,84,75,74,71,67,85,65,44,29.82,29.76,29.72,10,10,10,20,7,26,0.02,5,,144,2016-07-07,NA
2016,2016-7-8,86,78,69,72,70,63,93,79,65,29.86,29.79,29.74,10,10,7,18,9,27,0.01,6,Rain,97,2016-07-08,NA
2016,2016-7-9,74,70,66,67,64,60,100,87,73,29.88,29.84,29.81,10,9,2,16,10,19,0.41,8,Rain,106,2016-07-09,NA
2016,2016-7-10,81,75,68,68,64,60,100,76,51,29.96,29.85,29.8,10,10,7,22,10,27,T,6,,314,2016-07-10,NA
2016,2016-7-11,83,76,69,63,59,55,73,57,40,30.1,30.06,29.98,10,10,10,13,8,20,0.00,4,,16,2016-07-11,NA
2016,2016-7-12,84,78,71,67,63,60,79,63,47,30.14,30.09,30.05,10,10,10,22,10,26,0.00,4,,186,2016-07-12,NA
2016,2016-7-13,86,80,73,70,67,64,82,69,55,30.08,30.05,29.99,10,10,10,22,10,25,T,4,,189,2016-07-13,NA
2016,2016-7-14,91,83,75,75,73,70,88,76,63,30,29.89,29.79,10,9,0,32,8,53,0.50,6,Rain-Thunderstorm,184,2016-07-14,NA
2016,2016-7-15,92,87,82,73,68,62,74,56,38,29.92,29.85,29.81,10,10,10,17,9,23,0.00,4,,256,2016-07-15,NA
2016,2016-7-16,92,85,77,70,65,61,67,52,36,30.05,30,29.91,10,10,6,23,8,30,T,5,Rain,229,2016-07-16,NA
2016,2016-7-17,93,85,77,69,66,59,67,54,40,30.1,30.07,30.04,10,10,10,21,6,24,0.00,4,,266,2016-07-17,NA
2016,2016-7-18,97,88,78,72,67,60,74,57,39,30.09,30.04,29.98,10,10,2,29,10,29,0.12,5,Rain,236,2016-07-18,NA
2016,2016-7-19,88,82,76,71,57,49,79,55,31,30.16,30.08,29.99,10,10,10,23,13,30,0.00,4,,323,2016-07-19,NA
2016,2016-7-20,85,78,71,60,54,50,57,45,33,30.24,30.18,30.13,10,10,10,16,9,20,0.00,3,,95,2016-07-20,NA
2016,2016-7-21,91,83,75,67,62,53,69,49,28,30.17,30.11,30.03,10,10,10,22,11,26,0.00,2,,227,2016-07-21,NA
2016,2016-7-22,98,87,76,71,68,66,76,57,38,30.02,29.89,29.77,10,10,9,21,13,29,0.00,4,,227,2016-07-22,NA
2016,2016-7-23,99,91,82,69,61,54,55,40,25,29.88,29.83,29.77,10,10,10,25,12,32,0.00,2,,298,2016-07-23,NA
2016,2016-7-24,94,85,76,68,63,56,64,46,28,29.98,29.95,29.91,10,10,10,20,9,24,0.00,4,,100,2016-07-24,NA
2016,2016-7-25,94,86,77,76,71,64,91,72,52,29.95,29.89,29.81,10,8,0,20,9,30,0.79,6,Rain-Thunderstorm,174,2016-07-25,NA
2016,2016-7-26,94,85,75,71,66,61,82,62,42,29.92,29.88,29.85,10,10,10,21,10,25,0.00,4,,310,2016-07-26,NA
2016,2016-7-27,94,86,77,70,63,59,69,51,32,29.95,29.92,29.87,10,10,10,16,7,19,0.00,3,,94,2016-07-27,NA
2016,2016-7-28,94,86,78,73,69,58,85,58,30,29.92,29.88,29.84,10,10,10,22,7,26,T,5,Rain,225,2016-07-28,NA
2016,2016-7-29,85,78,71,73,69,66,93,76,59,29.92,29.85,29.81,10,8,2,18,10,25,1.02,6,Rain,52,2016-07-29,NA
2016,2016-7-30,84,80,75,73,71,68,88,78,67,30.05,30,29.92,10,9,5,17,8,22,0.18,7,Rain,139,2016-07-30,NA
2016,2016-7-31,83,78,72,73,72,69,94,82,69,30.04,30,29.98,10,9,2,18,11,22,0.57,7,Rain-Thunderstorm,105,2016-07-31,NA
2016,2016-8-1,80,76,71,70,66,62,93,79,64,30.07,30.04,30.01,10,10,10,18,11,26,T,7,Rain,66,2016-08-01,NA
2016,2016-8-2,78,75,71,65,62,58,79,68,57,30.14,30.09,30.04,10,10,10,21,12,32,0.00,5,,57,2016-08-02,NA
2016,2016-8-3,82,75,68,63,60,53,81,60,39,30.19,30.16,30.12,10,10,10,15,8,20,0.00,1,,76,2016-08-03,NA
2016,2016-8-4,84,77,70,66,61,56,90,65,40,30.18,30.13,30.08,10,10,10,15,7,20,0.00,2,,137,2016-08-04,NA
2016,2016-8-5,86,79,72,64,62,59,68,56,44,30.08,29.98,29.86,10,10,8,21,10,24,0.00,3,,206,2016-08-05,NA
2016,2016-8-6,91,83,75,72,68,61,79,65,51,29.86,29.76,29.68,10,10,7,22,10,27,T,5,Rain,250,2016-08-06,NA
2016,2016-8-7,89,82,74,61,59,55,64,49,34,29.94,29.86,29.78,10,10,10,17,11,22,0.00,2,,316,2016-08-07,NA
2016,2016-8-8,87,81,75,68,61,57,74,57,40,30.11,30.03,29.94,10,10,10,15,8,17,0.00,5,,70,2016-08-08,NA
2016,2016-8-9,89,82,75,71,63,52,79,54,29,30.21,30.18,30.12,10,10,10,18,9,26,0.00,4,,177,2016-08-09,NA
2016,2016-8-10,89,83,76,77,74,72,88,76,63,30.21,30.14,30.08,10,10,10,17,10,23,0.06,7,Rain,192,2016-08-10,NA
2016,2016-8-11,97,88,78,78,74,71,79,64,49,30.09,30.03,29.96,10,9,2,30,8,46,0.35,6,Rain-Thunderstorm,220,2016-08-11,NA
2016,2016-8-12,98,87,76,76,73,71,87,66,45,30,29.9,29.83,10,10,5,28,9,34,0.28,6,Rain-Thunderstorm,241,2016-08-12,NA
2016,2016-8-13,98,91,84,78,76,72,80,63,45,29.92,29.88,29.82,10,10,10,21,9,25,0.00,3,,208,2016-08-13,NA
2016,2016-8-14,98,90,81,75,72,70,70,56,42,30.03,29.94,29.87,10,10,3,32,9,37,0.01,4,Rain-Thunderstorm,281,2016-08-14,NA
2016,2016-8-15,93,86,78,73,70,64,79,59,39,30.19,30.12,30.03,10,10,10,14,7,18,0.00,5,,342,2016-08-15,NA
2016,2016-8-16,91,85,78,77,74,70,79,67,55,30.18,30.09,29.99,10,10,2,23,12,29,0.13,6,Rain-Thunderstorm,181,2016-08-16,NA
2016,2016-8-17,86,83,79,76,67,62,79,64,48,30.03,29.99,29.95,10,10,10,31,12,45,T,6,Rain-Thunderstorm,294,2016-08-17,NA
2016,2016-8-18,88,82,75,71,66,62,74,60,46,30.01,29.97,29.91,10,10,10,13,6,16,0.02,7,Rain,63,2016-08-18,NA
2016,2016-8-19,89,83,77,71,68,65,76,61,46,29.95,29.92,29.88,10,10,10,16,7,25,0.02,4,,37,2016-08-19,NA
2016,2016-8-20,85,80,75,72,70,67,87,73,58,29.94,29.92,29.89,10,10,10,21,8,25,0.12,4,Rain,83,2016-08-20,NA
2016,2016-8-21,89,83,76,75,71,66,91,69,47,29.91,29.83,29.76,10,10,6,22,13,29,0.13,6,Rain,149,2016-08-21,NA
2016,2016-8-22,79,75,70,68,57,48,79,60,40,30.21,29.98,29.8,10,10,10,26,17,36,0.00,1,,320,2016-08-22,NA
2016,2016-8-23,84,76,67,60,52,47,58,45,31,30.32,30.27,30.22,10,10,10,16,7,21,0.00,0,,298,2016-08-23,NA
2016,2016-8-24,89,80,71,65,60,56,66,49,32,30.29,30.22,30.16,10,10,9,20,8,24,0.00,1,,210,2016-08-24,NA
2016,2016-8-25,86,80,73,72,65,60,74,61,47,30.15,30.06,29.99,10,10,10,22,12,27,0.01,5,Rain,199,2016-08-25,NA
2016,2016-8-26,91,84,77,72,69,64,79,62,44,30.07,29.99,29.96,10,10,10,22,11,24,0.00,3,,288,2016-08-26,NA
2016,2016-8-27,89,83,76,64,60,55,60,47,34,30.22,30.16,30.08,10,10,10,14,9,18,0.00,3,,70,2016-08-27,NA
2016,2016-8-28,89,82,74,70,64,57,87,62,36,30.26,30.21,30.15,10,10,10,16,8,20,0.00,2,,159,2016-08-28,NA
2016,2016-8-29,91,84,77,68,62,57,69,52,34,30.16,30.1,30.05,10,10,10,18,10,24,0.00,4,,308,2016-08-29,NA
2016,2016-8-30,86,79,72,70,62,57,76,59,42,30.17,30.11,30.04,10,10,10,17,10,21,0.00,3,,105,2016-08-30,NA
2016,2016-8-31,90,83,76,72,68,61,87,64,40,30.04,29.96,29.87,10,10,10,17,9,21,T,6,,206,2016-08-31,NA
2016,2016-9-1,80,77,73,70,67,60,87,75,62,29.94,29.85,29.82,10,9,1,17,6,21,0.34,7,Rain-Thunderstorm,323,2016-09-01,NA
2016,2016-9-2,83,76,68,58,56,53,66,53,40,30.14,30.05,29.96,10,10,10,17,11,23,0.00,4,,9,2016-09-02,NA
2016,2016-9-3,76,73,69,65,60,56,79,67,54,30.19,30.16,30.13,10,10,8,21,12,24,0.00,6,,59,2016-09-03,NA
2016,2016-9-4,81,74,66,60,55,50,78,57,36,30.24,30.21,30.16,10,10,10,23,12,27,0.00,3,,46,2016-09-04,NA
2016,2016-9-5,84,76,67,60,54,48,56,48,39,30.22,30.11,29.96,10,10,10,25,14,37,0.00,6,,14,2016-09-05,NA
2016,2016-9-6,82,77,72,68,62,54,74,59,43,29.99,29.96,29.91,10,10,6,26,17,33,0.01,7,Rain,14,2016-09-06,NA
2016,2016-9-7,86,79,72,70,68,65,90,71,51,29.99,29.97,29.93,10,10,7,20,11,26,T,5,Rain,28,2016-09-07,NA
2016,2016-9-8,88,81,73,74,70,67,87,71,55,29.94,29.88,29.81,10,10,10,15,8,19,0.00,5,,176,2016-09-08,NA
2016,2016-9-9,93,85,77,73,70,67,79,62,44,29.99,29.89,29.81,10,10,5,16,8,22,0.05,6,Rain,283,2016-09-09,NA
2016,2016-9-10,91,84,76,74,73,69,88,74,59,30.01,29.96,29.9,10,10,9,17,9,22,T,5,Rain-Thunderstorm,106,2016-09-10,NA
2016,2016-9-11,84,77,70,73,62,46,79,56,33,30.15,29.96,29.86,10,10,7,28,13,34,T,6,,277,2016-09-11,NA
2016,2016-9-12,78,71,64,58,52,48,66,54,41,30.26,30.21,30.17,10,10,10,15,8,25,0.00,2,,69,2016-09-12,NA
2016,2016-9-13,82,75,68,62,59,57,73,59,45,30.24,30.17,30.1,10,10,10,20,10,24,0.00,1,,201,2016-09-13,NA
2016,2016-9-14,92,81,70,68,62,55,79,56,32,30.13,30.05,29.96,10,9,1,29,9,41,0.37,3,Rain-Thunderstorm,246,2016-09-14,NA
2016,2016-9-15,75,69,63,54,49,43,63,48,33,30.28,30.24,30.16,10,10,10,20,11,26,0.00,3,,66,2016-09-15,NA
2016,2016-9-16,75,70,64,55,53,50,73,59,44,30.34,30.29,30.26,10,10,10,14,7,21,0.00,3,,131,2016-09-16,NA
2016,2016-9-17,78,71,64,66,59,53,79,65,43,30.27,30.19,30.09,10,10,10,16,6,NA,0.00,4,,178,2016-09-17,NA
2016,2016-9-18,85,79,72,71,68,63,87,73,59,30.09,30.05,29.99,10,10,10,17,10,23,0.00,6,,202,2016-09-18,NA
2016,2016-9-19,77,75,72,72,69,67,87,85,82,30.08,30.03,29.99,10,9,3,16,6,22,0.78,7,Rain,169,2016-09-19,NA
2016,2016-9-20,84,78,71,70,67,63,90,71,51,30.12,30.09,30.06,10,10,10,12,6,18,0.00,8,,55,2016-09-20,NA
2016,2016-9-21,85,79,73,70,58,50,87,59,31,30.19,30.15,30.1,10,10,10,12,5,24,0.00,6,,28,2016-09-21,NA
2016,2016-9-22,86,78,70,59,53,44,61,44,26,30.18,30.13,30.08,10,10,10,12,7,19,0.00,2,,61,2016-09-22,NA
2016,2016-9-23,89,78,66,64,58,50,70,50,29,30.07,29.99,29.91,10,10,10,17,6,22,0.24,3,,275,2016-09-23,NA
2016,2016-9-24,72,66,59,63,52,42,87,61,35,30.14,30.08,29.99,10,9,2,22,10,26,0.20,5,Rain-Thunderstorm,15,2016-09-24,NA
2016,2016-9-25,71,65,58,46,39,31,57,42,26,30.2,30.16,30.12,10,10,10,15,7,19,0.00,1,,8,2016-09-25,NA
2016,2016-9-26,73,65,57,60,48,40,73,57,41,30.2,30.12,29.99,10,10,7,21,10,27,0.00,5,,134,2016-09-26,NA
2016,2016-9-27,76,71,66,65,60,49,87,63,38,29.97,29.91,29.87,10,10,4,17,8,22,0.15,6,Rain,245,2016-09-27,NA
2016,2016-9-28,71,66,60,64,59,55,87,75,63,30.25,30.11,29.98,10,10,7,25,17,32,T,7,Rain,48,2016-09-28,NA
2016,2016-9-29,67,64,60,57,54,52,90,74,58,30.38,30.32,30.24,10,10,8,31,21,37,T,8,Rain,68,2016-09-29,NA
2016,2016-9-30,64,61,58,59,56,53,90,81,72,30.35,30.27,30.23,10,5,1,35,23,42,0.39,8,Rain,50,2016-09-30,NA
2016,2016-10-1,64,61,58,58,56,55,93,86,78,30.23,30.19,30.14,10,9,3,23,15,27,T,8,Rain,42,2016-10-01,NA
2016,2016-10-2,65,62,58,60,57,54,93,86,78,30.14,30.08,30.02,10,9,6,15,6,18,T,8,Rain,43,2016-10-02,NA
2016,2016-10-3,73,68,62,62,58,56,90,74,57,30.11,30.02,29.98,10,9,5,13,5,15,0.00,7,,356,2016-10-03,NA
2016,2016-10-4,71,67,62,62,56,52,87,72,57,30.32,30.26,30.12,10,10,9,23,14,28,T,7,Rain,57,2016-10-04,NA
2016,2016-10-5,69,62,55,54,50,45,78,63,48,30.37,30.32,30.26,10,10,9,18,9,22,0.00,2,,60,2016-10-05,NA
2016,2016-10-6,75,67,59,56,53,39,87,57,27,30.32,30.29,30.26,10,10,10,13,5,15,0.00,1,,71,2016-10-06,NA
2016,2016-10-7,77,69,60,58,55,40,90,61,31,30.31,30.25,30.18,10,9,6,14,7,20,0.00,2,,78,2016-10-07,NA
2016,2016-10-8,69,65,61,66,62,57,90,83,76,30.16,30.06,29.97,10,10,5,14,6,17,0.14,7,Rain,38,2016-10-08,NA
2016,2016-10-9,67,61,54,64,50,40,90,71,51,30.08,30,29.94,10,9,5,28,15,39,0.48,7,Rain,6,2016-10-09,NA
2016,2016-10-10,65,58,50,40,34,29,61,45,29,30.37,30.22,30.07,10,10,10,23,13,32,0.00,1,,358,2016-10-10,NA
2016,2016-10-11,64,57,49,49,41,33,72,59,46,30.48,30.43,30.4,10,10,10,13,7,19,0.00,2,,59,2016-10-11,NA
2016,2016-10-12,69,63,56,55,50,47,84,66,48,30.39,30.31,30.19,10,10,8,13,5,16,0.00,5,,136,2016-10-12,NA
2016,2016-10-13,70,63,56,57,54,42,93,75,57,30.18,30.1,30.04,10,10,7,21,9,26,T,4,Fog-Rain,297,2016-10-13,NA
2016,2016-10-14,64,57,50,41,37,33,66,49,31,30.39,30.31,30.19,10,10,10,20,9,26,0.00,1,,1,2016-10-14,NA
2016,2016-10-15,66,58,49,48,42,36,67,55,43,30.45,30.38,30.31,10,10,10,13,6,19,0.00,1,,44,2016-10-15,NA
2016,2016-10-16,74,65,55,57,52,48,86,68,49,30.31,30.15,30.01,10,10,10,16,9,20,0.00,4,,219,2016-10-16,NA
2016,2016-10-17,83,75,66,62,59,57,78,62,46,30.01,29.92,29.85,10,10,10,14,6,18,T,4,,223,2016-10-17,NA
2016,2016-10-18,82,75,68,64,62,61,76,65,54,29.94,29.88,29.82,10,10,9,16,10,21,0.00,2,,192,2016-10-18,NA
2016,2016-10-19,86,77,68,64,59,47,73,53,33,30.13,29.97,29.86,10,10,10,16,9,21,0.00,3,,300,2016-10-19,NA
2016,2016-10-20,73,68,63,65,58,51,87,71,55,30.15,30.08,29.97,10,10,7,17,11,21,0.00,7,,73,2016-10-20,NA
2016,2016-10-21,71,66,61,67,65,60,93,89,84,29.94,29.66,29.41,10,6,0,22,8,26,1.81,7,Fog-Rain,148,2016-10-21,NA
2016,2016-10-22,62,56,49,58,44,32,83,66,48,29.67,29.48,29.37,10,10,4,31,19,44,0.31,8,Rain,299,2016-10-22,NA
2016,2016-10-23,64,56,48,42,34,29,53,45,36,29.88,29.81,29.68,10,10,10,33,17,44,0.00,3,,269,2016-10-23,NA
2016,2016-10-24,64,57,50,47,41,33,77,58,39,30.14,29.93,29.78,10,10,10,29,14,36,T,4,,314,2016-10-24,NA
2016,2016-10-25,55,51,46,36,31,26,61,50,38,30.35,30.22,30.13,10,10,10,29,16,35,0.00,3,,310,2016-10-25,NA
2016,2016-10-26,52,47,41,29,27,23,57,48,38,30.45,30.4,30.35,10,10,10,20,12,24,0.00,3,,326,2016-10-26,NA
2016,2016-10-27,58,50,42,54,43,24,93,69,45,30.46,30.23,29.99,10,7,2,17,11,23,1.32,8,Rain,66,2016-10-27,NA
2016,2016-10-28,54,49,44,54,39,33,89,71,52,30.22,30.09,29.99,10,10,6,33,19,43,0.00,4,,311,2016-10-28,NA
2016,2016-10-29,66,55,44,51,39,32,65,54,42,30.21,30.05,29.89,10,10,10,20,9,25,0.00,5,,248,2016-10-29,NA
2016,2016-10-30,78,68,57,59,55,51,84,66,48,29.94,29.87,29.77,10,9,0,28,8,32,0.76,7,Rain-Thunderstorm,305,2016-10-30,NA
2016,2016-10-31,57,52,47,51,35,31,67,53,38,30.31,30.15,29.94,10,10,10,24,14,30,0.00,4,,345,2016-10-31,NA
2016,2016-11-1,61,53,44,46,41,33,76,61,46,30.38,30.33,30.3,10,10,10,13,7,NA,0.00,4,,72,2016-11-01,NA
2016,2016-11-2,72,64,56,56,51,46,77,65,53,30.3,30.2,30.1,10,10,10,13,7,17,0.00,7,,214,2016-11-02,NA
2016,2016-11-3,75,67,59,57,53,45,78,65,51,30.08,29.94,29.83,10,9,6,25,11,32,0.00,5,,260,2016-11-03,NA
2016,2016-11-4,62,57,51,47,37,28,67,48,29,30.23,30.11,29.96,10,10,10,23,13,28,0.00,3,,326,2016-11-04,NA
2016,2016-11-5,64,56,48,44,38,29,61,51,41,30.24,30.18,30.12,10,10,10,20,11,29,0.00,2,,295,2016-11-05,NA
2016,2016-11-6,60,54,47,45,36,28,66,52,37,30.4,30.22,30.09,10,10,10,22,15,28,0.00,3,,344,2016-11-06,NA
2016,2016-11-7,58,51,43,32,29,24,62,46,30,30.49,30.4,30.3,10,10,10,20,10,24,0.00,0,,11,2016-11-07,NA
2016,2016-11-8,70,59,47,40,34,31,61,42,23,30.29,30.1,29.9,10,10,10,12,4,15,0.00,3,,276,2016-11-08,NA
2016,2016-11-9,63,57,51,52,45,35,83,59,34,29.94,29.86,29.8,10,10,6,20,8,26,0.02,8,Rain,338,2016-11-09,NA
2016,2016-11-10,58,51,44,39,32,24,68,48,28,30.04,29.92,29.71,10,10,10,21,11,26,0.00,5,,292,2016-11-10,NA
2016,2016-11-11,63,54,44,40,31,23,50,43,35,30.15,29.81,29.65,10,10,10,36,18,46,0.00,1,,294,2016-11-11,NA
2016,2016-11-12,52,46,40,24,22,19,50,39,28,30.33,30.24,30.17,10,10,10,23,11,27,0.00,1,,303,2016-11-12,NA
2016,2016-11-13,64,54,43,26,24,19,49,34,18,30.16,30.09,30.02,10,10,10,20,9,25,0.00,2,,250,2016-11-13,NA
2016,2016-11-14,64,57,50,29,22,18,33,26,19,30.05,30.02,29.97,10,10,10,17,6,21,0.00,4,,237,2016-11-14,NA
2016,2016-11-15,58,54,49,49,45,36,93,63,33,29.96,29.82,29.72,10,7,2,24,12,31,1.61,8,Rain-Thunderstorm,350,2016-11-15,NA
2016,2016-11-16,64,56,48,42,38,33,80,57,34,29.89,29.78,29.74,10,10,10,17,10,22,0.00,3,,270,2016-11-16,NA
2016,2016-11-17,63,58,52,43,41,38,66,55,43,30.08,29.99,29.9,10,10,10,21,12,25,0.00,1,,322,2016-11-17,NA
2016,2016-11-18,67,58,48,45,40,36,71,53,34,30.14,30.08,30.04,10,10,10,12,6,15,0.00,0,,346,2016-11-18,NA
2016,2016-11-19,62,52,42,50,46,36,83,69,55,30.03,29.82,29.57,10,10,4,31,8,41,0.18,4,Rain,69,2016-11-19,NA
2016,2016-11-20,44,41,37,37,29,19,86,65,43,29.59,29.56,29.52,10,9,4,36,22,50,0.34,7,Rain,277,2016-11-20,NA
2016,2016-11-21,43,41,39,22,20,18,48,44,39,29.85,29.7,29.57,10,10,9,36,23,48,T,7,Snow,290,2016-11-21,NA
2016,2016-11-22,44,42,39,27,24,20,59,51,43,30.21,30.05,29.86,10,10,10,37,23,55,0.00,4,,308,2016-11-22,NA
2016,2016-11-23,46,42,37,27,24,22,59,49,38,30.31,30.27,30.2,10,10,10,21,11,25,0.00,5,,338,2016-11-23,NA
2016,2016-11-24,50,46,41,45,37,26,86,69,51,30.32,30.25,30.18,10,10,6,15,8,18,0.02,8,Rain,51,2016-11-24,NA
2016,2016-11-25,56,52,47,47,44,42,86,74,61,30.26,30.21,30.13,10,9,6,9,4,12,0.01,8,Rain,11,2016-11-25,NA
2016,2016-11-26,52,48,44,42,38,34,80,66,52,30.13,30.09,30.04,10,10,9,21,12,26,0.00,5,,329,2016-11-26,NA
2016,2016-11-27,51,47,43,34,31,28,70,56,42,30.13,30.1,30.06,10,10,10,21,14,27,0.00,3,,308,2016-11-27,NA
2016,2016-11-28,53,48,42,41,33,28,71,56,41,30.22,30.16,30.13,10,10,10,14,8,17,0.00,3,,249,2016-11-28,NA
2016,2016-11-29,62,57,52,59,54,42,97,83,68,30.13,29.92,29.83,10,5,1,26,12,35,2.23,8,Rain,191,2016-11-29,NA
2016,2016-11-30,61,57,52,53,52,50,93,86,78,29.94,29.81,29.55,10,4,1,24,10,29,0.96,8,Rain,48,2016-11-30,NA
2016,2016-12-1,57,51,45,54,40,27,93,67,41,29.83,29.62,29.45,10,8,0,28,15,36,0.05,5,Rain,288,2016-12-01,NA
2016,2016-12-2,53,48,43,31,29,26,57,48,38,29.92,29.88,29.85,10,10,10,24,16,33,0.00,4,,267,2016-12-02,NA
2016,2016-12-3,50,47,43,31,29,26,58,50,42,30.16,30.03,29.91,10,10,10,32,19,40,0.00,5,,308,2016-12-03,NA
2016,2016-12-4,48,45,41,27,24,21,53,44,34,30.24,30.19,30.13,10,10,10,20,11,24,0.00,6,,352,2016-12-04,NA
2016,2016-12-5,51,46,40,39,35,24,89,70,51,30.11,30.02,29.94,10,9,3,20,10,25,0.18,6,Rain,264,2016-12-05,NA
2016,2016-12-6,47,44,41,38,32,29,82,68,53,30.14,30.03,29.86,10,9,5,21,10,27,0.35,7,Rain,46,2016-12-06,NA
2016,2016-12-7,47,44,41,40,38,34,93,77,60,30.04,29.96,29.85,10,8,2,18,7,23,0.06,8,Rain,13,2016-12-07,NA
2016,2016-12-8,45,41,36,34,24,16,70,52,33,30,29.96,29.88,10,10,10,23,12,33,0.00,5,,269,2016-12-08,NA
2016,2016-12-9,42,37,32,20,17,14,56,47,38,30.29,30.13,29.99,10,10,10,32,19,39,0.00,2,,291,2016-12-09,NA
2016,2016-12-10,37,34,31,21,18,15,61,54,47,30.47,30.38,30.28,10,10,10,20,13,26,0.00,3,,299,2016-12-10,NA
2016,2016-12-11,36,33,30,31,20,12,85,62,38,30.57,30.45,30.23,10,8,2,14,7,18,0.03,7,Snow,237,2016-12-11,NA
2016,2016-12-12,48,42,35,40,36,27,92,73,53,30.16,29.93,29.82,10,7,2,21,11,30,0.53,7,Rain,258,2016-12-12,NA
2016,2016-12-13,45,42,39,28,24,21,57,49,41,30.19,30.1,30.01,10,10,10,20,9,25,0.00,7,,263,2016-12-13,NA
2016,2016-12-14,44,40,36,30,20,5,64,46,27,30.03,29.97,29.89,10,10,10,23,12,27,T,5,,284,2016-12-14,NA
2016,2016-12-15,36,29,21,10,3,-6,50,39,27,30.19,29.95,29.78,10,10,10,38,23,47,0.00,3,,280,2016-12-15,NA
2016,2016-12-16,29,24,19,7,5,2,56,47,38,30.47,30.38,30.2,10,10,10,22,12,30,0.00,5,,251,2016-12-16,NA
2016,2016-12-17,40,33,26,36,28,10,92,66,39,30.36,30.05,29.9,10,4,0,14,6,19,0.70,8,Fog-Rain-Snow,156,2016-12-17,NA
2016,2016-12-18,61,47,33,54,39,15,100,72,43,30.47,29.94,29.72,10,6,0,43,13,55,0.05,7,Fog-Rain,254,2016-12-18,NA
2016,2016-12-19,33,29,25,15,8,4,55,45,34,30.75,30.66,30.49,10,10,10,22,12,25,0.00,5,,354,2016-12-19,NA
2016,2016-12-20,36,30,23,15,8,4,50,41,32,30.68,30.46,30.16,10,10,10,17,7,23,0.00,2,,350,2016-12-20,NA
2016,2016-12-21,42,38,33,23,19,15,52,46,39,30.21,30.17,30.11,10,10,10,17,7,22,0.00,7,,278,2016-12-21,NA
2016,2016-12-22,50,44,37,32,26,21,62,51,39,30.21,30.05,29.9,10,10,10,28,12,36,0.00,6,,257,2016-12-22,NA
2016,2016-12-23,48,45,41,27,25,23,57,47,36,30.44,30.37,30.23,10,10,10,22,10,28,0.00,5,,267,2016-12-23,NA
2016,2016-12-24,49,45,40,40,35,25,89,69,49,30.36,30.19,30.06,10,8,2,22,10,27,0.52,7,Rain,243,2016-12-24,NA
2016,2016-12-25,51,45,38,32,29,21,67,56,44,30.7,30.48,30.29,10,10,10,22,11,29,0.00,1,,352,2016-12-25,NA
2016,2016-12-26,52,43,34,48,34,18,93,70,47,30.74,30.49,30.1,10,9,3,17,11,22,T,7,Rain,93,2016-12-26,NA
2016,2016-12-27,62,52,42,52,43,28,89,63,36,30.05,29.88,29.76,10,10,10,28,15,38,T,5,Rain,262,2016-12-27,NA
2016,2016-12-28,42,39,35,29,24,20,60,52,44,30.17,30.09,29.95,10,10,10,23,13,27,0.00,5,,316,2016-12-28,NA
2016,2016-12-29,48,41,34,45,34,18,93,70,47,30.1,29.72,29.52,10,8,2,23,11,32,0.48,7,Rain,195,2016-12-29,NA
2016,2016-12-30,42,39,35,31,24,18,64,52,39,29.99,29.71,29.54,10,10,4,29,17,35,T,3,Snow,268,2016-12-30,NA
2016,2016-12-31,45,40,34,27,21,16,52,44,36,30.16,30.03,29.89,10,10,10,25,14,32,0.00,5,,216,2016-12-31,NA
2017,NA,48,44,39,32,25,20,76,42,25,30.45,30.17,29.89,10,10,10,20,10,26,0.00,3,,298,2017-01-01,2017-1-1
2017,NA,42,40,37,38,34,25,93,79,42,30.51,30.41,30.27,10,7,2,18,11,NA,0.12,8,Rain,52,2017-01-02,2017-1-2
2017,NA,46,42,39,43,41,38,93,90,85,30.22,29.78,29.48,10,4,1,22,17,29,0.28,8,Rain,37,2017-01-03,2017-1-3
2017,NA,54,45,36,41,33,10,89,58,27,29.73,29.51,29.44,10,10,7,27,16,41,T,6,Rain,259,2017-01-04,2017-1-4
2017,NA,36,32,28,16,9,6,43,38,33,30.01,29.92,29.76,10,10,10,25,15,33,0.00,6,,252,2017-01-05,2017-1-5
2017,NA,35,32,28,26,18,9,85,62,38,30.28,30.06,29.93,10,8,1,15,9,20,0.04,7,Snow,335,2017-01-06,2017-1-6
2017,NA,28,25,22,19,15,6,88,65,42,30.33,30.21,30.12,10,4,0,24,14,31,0.23,8,Fog-Snow,359,2017-01-07,2017-1-7
2017,NA,27,23,19,10,6,2,62,48,33,30.61,30.33,30.16,10,10,6,31,19,38,0.00,3,,302,2017-01-08,2017-1-8
2017,NA,24,21,17,9,5,2,54,48,42,30.76,30.68,30.61,10,10,10,18,10,24,0.00,4,,262,2017-01-09,2017-1-9
2017,NA,47,35,23,39,22,9,79,63,46,30.65,30.5,30.2,10,10,10,18,7,26,0.00,7,,174,2017-01-10,2017-1-10
2017,NA,54,49,44,44,40,36,89,70,50,30.33,30.25,30.16,10,8,2,24,10,34,0.52,7,Rain,206,2017-01-11,2017-1-11
2017,NA,68,58,48,52,49,45,93,76,58,30.17,30.07,29.97,10,9,3,26,12,35,0.05,7,Rain,203,2017-01-12,2017-1-12
2017,NA,63,49,34,52,29,15,72,53,34,30.69,30.41,30.08,10,10,10,28,16,37,T,5,,316,2017-01-13,2017-1-13
2017,NA,34,32,29,30,23,14,89,67,45,30.71,30.51,30.31,10,6,0,14,7,16,0.10,8,Snow,155,2017-01-14,2017-1-14
2017,NA,41,37,33,28,23,20,82,64,45,30.42,30.34,30.27,10,10,10,15,9,17,0.00,3,,314,2017-01-15,2017-1-15
2017,NA,44,38,31,25,21,18,61,51,40,30.47,30.4,30.28,10,10,10,14,6,17,0.00,4,,246,2017-01-16,2017-1-16
2017,NA,43,41,39,38,34,25,92,71,49,30.27,30.13,29.97,10,4,2,18,8,21,0.37,8,Rain,66,2017-01-17,2017-1-17
2017,NA,45,42,39,39,38,35,93,85,76,30.04,29.95,29.87,10,8,3,22,11,26,0.11,8,Rain,21,2017-01-18,2017-1-18
2017,NA,50,46,41,36,35,32,79,68,56,30.06,30.02,29.99,10,10,10,17,8,21,0.00,6,,322,2017-01-19,2017-1-19
2017,NA,46,44,41,40,35,31,82,71,60,30.04,29.97,29.92,10,8,2,12,7,18,0.07,8,Rain,74,2017-01-20,2017-1-20
2017,NA,51,46,41,45,42,39,93,84,74,29.92,29.85,29.78,9,5,1,14,7,18,0.00,7,,235,2017-01-21,2017-1-21
2017,NA,50,47,43,45,42,40,100,86,71,29.82,29.74,29.69,10,4,0,30,11,39,0.03,8,Fog-Rain,53,2017-01-22,2017-1-22
2017,NA,45,42,38,40,34,30,92,77,62,29.86,29.73,29.47,10,8,3,39,28,50,0.85,8,Rain,59,2017-01-23,2017-1-23
2017,NA,41,40,38,36,35,31,92,86,79,29.46,29.37,29.31,10,6,2,32,18,42,1.00,8,Rain,349,2017-01-24,2017-1-24
2017,NA,53,46,39,35,31,28,64,57,50,29.67,29.61,29.48,10,10,10,29,14,36,0.00,4,,293,2017-01-25,2017-1-25
2017,NA,57,51,45,43,33,25,74,57,39,29.57,29.45,29.32,10,10,7,36,13,45,0.02,6,Rain,260,2017-01-26,2017-1-26
2017,NA,45,42,38,27,23,19,53,45,37,29.67,29.62,29.57,10,10,10,26,17,41,0.00,5,,262,2017-01-27,2017-1-27
2017,NA,40,38,36,22,20,19,52,48,44,29.75,29.68,29.63,10,10,10,24,16,31,0.00,7,,256,2017-01-28,2017-1-28
2017,NA,45,41,37,24,18,13,59,43,27,29.74,29.71,29.67,10,10,10,21,11,28,0.00,4,,252,2017-01-29,2017-1-29
2017,NA,38,35,32,21,14,8,56,43,29,29.97,29.81,29.72,10,10,10,23,13,26,0.00,6,,328,2017-01-30,2017-1-30
2017,NA,35,32,28,29,21,8,85,61,36,30.01,29.88,29.76,10,7,0,15,8,26,0.06,7,Snow,84,2017-01-31,2017-1-31
2017,NA,49,42,34,30,26,22,82,59,36,30.04,29.93,29.85,10,10,9,24,14,33,0.00,6,,262,2017-02-01,2017-2-1
2017,NA,46,40,34,26,21,12,59,42,25,30.2,30.08,30.01,10,10,10,28,13,33,0.00,5,,292,2017-02-02,2017-2-2
2017,NA,35,32,28,14,11,8,46,42,38,30.25,30.18,30.09,10,10,10,29,14,35,0.00,6,,305,2017-02-03,2017-2-3
2017,NA,36,30,24,8,6,4,46,36,26,30.4,30.31,30.24,10,10,10,30,15,39,0.00,2,,277,2017-02-04,2017-2-4
2017,NA,45,39,33,22,17,9,52,43,33,30.24,30,29.84,10,10,10,22,12,29,0.00,7,,232,2017-02-05,2017-2-5
2017,NA,50,44,38,36,24,18,76,54,31,30.15,30.06,29.92,10,10,7,25,12,34,0.00,2,,273,2017-02-06,2017-2-6
2017,NA,43,41,38,38,35,33,92,81,70,29.99,29.85,29.61,9,4,0,22,11,27,0.23,8,Fog-Rain,50,2017-02-07,2017-2-7
2017,NA,62,51,39,47,38,29,100,71,42,29.73,29.62,29.53,10,6,0,17,8,21,0.02,7,Fog-Rain,21,2017-02-08,2017-2-8
2017,NA,44,32,19,30,23,3,92,69,46,30.09,29.65,29.52,10,4,0,35,21,44,0.87,7,Fog-Snow,352,2017-02-09,2017-2-9
2017,NA,34,27,19,19,9,2,57,47,36,30.24,30.18,30.09,10,10,6,22,15,26,T,4,Snow,262,2017-02-10,2017-2-10
2017,NA,49,40,31,32,26,20,82,60,38,30.1,29.99,29.88,10,10,10,14,5,17,0.00,7,,40,2017-02-11,2017-2-11
2017,NA,40,36,32,34,30,26,92,81,70,30.12,29.91,29.59,10,5,2,23,11,26,0.42,8,Rain-Snow,43,2017-02-12,2017-2-12
2017,NA,42,38,33,33,23,17,79,62,44,29.98,29.78,29.58,10,10,10,46,27,61,0.01,4,Rain,303,2017-02-13,2017-2-13
2017,NA,42,37,31,29,21,18,64,55,45,29.99,29.88,29.73,10,10,10,20,10,29,0.00,4,,258,2017-02-14,2017-2-14
2017,NA,50,43,36,34,30,25,82,66,50,29.7,29.47,29.3,10,10,7,31,10,40,T,6,Rain,261,2017-02-15,2017-2-15
2017,NA,38,35,31,25,18,15,59,50,40,29.8,29.6,29.46,10,10,10,31,22,40,0.00,4,,305,2017-02-16,2017-2-16
2017,NA,44,37,29,19,16,15,58,45,31,29.9,29.85,29.81,10,10,10,24,15,31,0.00,3,,306,2017-02-17,2017-2-17
2017,NA,65,51,36,34,26,17,52,41,30,29.9,29.77,29.66,10,10,10,17,9,23,0.00,3,,218,2017-02-18,2017-2-18
2017,NA,66,60,53,36,33,30,47,37,26,29.98,29.81,29.66,10,10,10,21,10,25,0.00,4,,292,2017-02-19,2017-2-19
2017,NA,55,48,40,33,24,12,62,42,22,30.36,30.18,30,10,10,10,21,12,26,0.00,1,,339,2017-02-20,2017-2-20
2017,NA,47,42,36,33,24,12,65,49,32,30.39,30.29,30.12,10,10,10,13,9,18,0.00,6,,126,2017-02-21,2017-2-21
2017,NA,59,52,44,44,38,33,80,64,47,30.09,29.98,29.88,10,10,10,12,7,18,0.00,7,,203,2017-02-22,2017-2-22
2017,NA,65,54,42,51,45,38,83,73,63,29.92,29.87,29.81,10,8,4,16,6,23,0.00,4,,164,2017-02-23,2017-2-23
2017,NA,70,60,49,55,51,45,93,74,55,29.95,29.89,29.85,10,10,9,25,10,32,0.00,3,,177,2017-02-24,2017-2-24
2017,NA,65,56,47,55,51,35,100,86,71,29.85,29.67,29.47,10,6,0,31,12,41,0.32,7,Fog-Rain-Thunderstorm,184,2017-02-25,2017-2-25
2017,NA,47,43,39,33,19,13,65,46,27,30.27,29.99,29.69,10,10,10,28,18,34,0.00,3,,294,2017-02-26,2017-2-26
2017,NA,54,46,37,33,24,15,50,38,26,30.43,30.37,30.29,10,10,10,20,9,25,0.00,5,,216,2017-02-27,2017-2-27
2017,NA,58,51,44,51,42,31,89,68,46,30.39,30.23,29.99,10,9,1,15,8,22,0.00,7,,119,2017-02-28,2017-2-28
2017,NA,71,62,53,56,52,48,93,73,52,29.98,29.7,29.4,10,9,3,24,10,34,0.12,8,Rain-Thunderstorm,184,2017-03-01,2017-3-1
2017,NA,66,52,38,49,22,11,56,42,28,30.1,29.74,29.41,10,10,10,40,24,54,0.00,2,,286,2017-03-02,2017-3-2
2017,NA,42,35,27,17,11,3,54,37,20,30.44,30.24,30.11,10,10,10,33,18,44,0.00,3,,305,2017-03-03,2017-3-3
2017,NA,32,26,19,9,4,-4,50,39,28,30.61,30.51,30.45,10,10,10,33,21,41,0.00,3,,314,2017-03-04,2017-3-4
2017,NA,38,28,17,1,-3,-7,43,30,16,30.68,30.59,30.5,10,10,10,22,13,28,0.00,0,,344,2017-03-05,2017-3-5
2017,NA,45,37,28,27,11,-2,53,38,22,30.55,30.49,30.41,10,10,10,16,8,20,0.00,4,,111,2017-03-06,2017-3-6
2017,NA,53,48,43,46,41,28,86,70,53,30.41,30.24,30.01,10,9,5,16,8,22,0.10,8,Rain,166,2017-03-07,2017-3-7
2017,NA,62,56,49,48,32,16,83,51,19,30.02,29.94,29.88,10,10,7,29,13,38,0.06,5,Rain,239,2017-03-08,2017-3-8
2017,NA,65,57,49,25,18,13,35,25,14,29.99,29.95,29.9,10,10,10,30,17,45,0.00,2,,293,2017-03-09,2017-3-9
2017,NA,49,38,27,31,24,8,89,62,34,30.02,29.87,29.79,10,5,0,35,18,44,0.24,7,Fog-Snow,358,2017-03-10,2017-3-10
2017,NA,31,26,20,10,6,0,50,41,32,30.27,30.16,30.05,10,10,10,33,19,40,0.00,4,,304,2017-03-11,2017-3-11
2017,NA,32,27,22,7,5,3,50,41,31,30.44,30.32,30.27,10,10,10,26,17,37,0.00,3,,310,2017-03-12,2017-3-12
2017,NA,37,30,23,22,8,3,64,39,15,30.53,30.43,30.26,10,10,10,18,11,24,0.00,5,,23,2017-03-13,2017-3-13
2017,NA,34,29,24,33,26,11,96,76,55,30.23,29.65,29.11,10,2,0,39,25,49,1.03,8,Fog-Snow-Thunderstorm,31,2017-03-14,2017-3-14
2017,NA,30,27,23,15,11,9,59,53,46,29.87,29.64,29.52,10,9,2,32,20,41,T,6,Snow,283,2017-03-15,2017-3-15
2017,NA,41,34,27,15,12,10,53,41,28,30.12,29.96,29.88,10,10,10,28,18,35,0.00,3,,285,2017-03-16,2017-3-16
2017,NA,49,41,32,17,15,9,51,35,19,30.28,30.21,30.13,10,10,10,18,11,25,0.00,2,,274,2017-03-17,2017-3-17
2017,NA,41,38,34,32,28,19,82,62,41,30.23,30.18,30.14,10,8,2,24,13,30,0.07,7,Rain-Snow,54,2017-03-18,2017-3-18
2017,NA,48,42,36,28,23,14,70,47,24,30.2,30.15,30.11,10,10,10,25,12,31,0.00,5,,15,2017-03-19,2017-3-19
2017,NA,54,46,37,26,17,14,44,33,22,30.15,30.07,29.97,10,10,10,20,11,25,0.00,4,,323,2017-03-20,2017-3-20
2017,NA,62,54,45,31,27,23,49,40,30,29.97,29.89,29.81,10,10,10,21,8,24,0.00,7,,302,2017-03-21,2017-3-21
2017,NA,51,39,26,26,10,-2,49,37,25,30.45,30.13,29.86,10,10,10,36,22,45,0.00,1,,319,2017-03-22,2017-3-22
2017,NA,45,36,26,23,6,-1,50,33,16,30.61,30.54,30.47,10,10,10,18,10,26,0.00,0,,307,2017-03-23,2017-3-23
2017,NA,58,48,38,37,26,15,59,47,34,30.53,30.32,30.11,10,10,10,21,11,30,T,6,Rain,209,2017-03-24,2017-3-24
2017,NA,57,51,44,41,38,33,83,63,43,30.4,30.22,30.06,10,10,10,20,9,25,T,7,Rain,69,2017-03-25,2017-3-25
2017,NA,44,42,39,37,34,32,92,79,65,30.48,30.41,30.33,10,8,2,21,14,25,0.12,8,Rain,57,2017-03-26,2017-3-26
2017,NA,50,45,39,43,40,37,93,87,80,30.32,30.09,29.99,10,5,0,15,9,18,0.20,8,Fog-Rain,55,2017-03-27,2017-3-27
2017,NA,45,44,42,41,39,38,96,89,82,30,29.94,29.87,10,3,0,22,11,26,0.65,8,Rain,46,2017-03-28,2017-3-28
2017,NA,59,52,44,43,34,22,89,61,32,30.23,30.05,29.92,10,10,3,23,13,30,T,4,,342,2017-03-29,2017-3-29
2017,NA,53,47,41,31,25,21,53,42,30,30.27,30.2,30.13,10,10,10,16,8,22,T,5,Rain,24,2017-03-30,2017-3-30
2017,NA,46,43,40,39,37,30,92,73,53,30.16,29.95,29.71,10,4,1,33,16,39,2.10,8,Rain,90,2017-03-31,2017-3-31
2017,NA,48,44,39,36,35,33,85,71,56,30.04,29.8,29.65,10,8,3,35,16,42,0.01,8,Rain,6,2017-04-01,2017-4-1
2017,NA,63,53,43,34,30,25,67,45,23,30.14,30.08,30.03,10,10,10,25,11,33,0.00,3,,317,2017-04-02,2017-4-2
2017,NA,63,56,48,38,32,29,56,43,29,30.13,30.04,29.88,10,10,9,21,9,24,0.03,6,Rain,164,2017-04-03,2017-4-3
2017,NA,54,50,45,50,45,41,93,80,66,29.84,29.66,29.57,10,5,0,25,11,30,1.60,8,Rain,71,2017-04-04,2017-4-4
2017,NA,63,54,45,47,43,40,93,70,46,29.99,29.87,29.75,10,6,0,18,8,22,0.00,8,,67,2017-04-05,2017-4-5
2017,NA,54,49,43,49,41,37,89,78,66,29.99,29.55,29.2,10,5,0,32,15,39,0.85,7,Rain-Thunderstorm,68,2017-04-06,2017-4-6
2017,NA,53,48,43,44,33,26,71,57,42,29.66,29.41,29.29,10,10,10,32,17,42,T,6,Rain,260,2017-04-07,2017-4-7
2017,NA,58,50,42,28,23,19,57,40,23,30.02,29.81,29.68,10,10,10,28,17,35,0.00,4,,310,2017-04-08,2017-4-8
2017,NA,68,57,46,38,27,22,54,37,20,30.17,30.12,30.04,10,10,10,22,9,27,0.00,3,,241,2017-04-09,2017-4-9
2017,NA,73,63,52,45,39,28,54,41,28,30.21,30.15,30.07,10,10,10,16,9,19,0.00,5,,190,2017-04-10,2017-4-10
2017,NA,78,68,57,52,48,45,69,53,36,30.14,30.1,30.06,10,10,10,18,8,21,0.00,5,,176,2017-04-11,2017-4-11
2017,NA,77,66,54,57,50,42,77,54,31,30.24,30.13,30.08,10,10,8,22,5,26,0.03,5,Rain,17,2017-04-12,2017-4-12
2017,NA,66,58,50,44,31,26,57,41,25,30.36,30.32,30.27,10,10,10,21,12,26,0.00,4,,330,2017-04-13,2017-4-13
2017,NA,66,58,50,32,29,23,44,32,20,30.42,30.37,30.33,10,10,10,16,8,21,0.00,3,,48,2017-04-14,2017-4-14
2017,NA,63,58,52,52,41,32,75,58,40,30.4,30.28,30.09,10,10,10,20,10,25,0.00,5,,184,2017-04-15,2017-4-15
2017,NA,88,74,60,58,55,50,84,56,28,30.06,29.9,29.76,10,10,7,30,13,44,T,6,Rain,242,2017-04-16,2017-4-16
2017,NA,73,66,59,58,41,27,68,44,20,30.15,29.96,29.85,10,10,10,23,14,33,T,5,Rain,312,2017-04-17,2017-4-17
2017,NA,65,57,49,40,34,28,66,47,27,30.51,30.35,30.16,10,10,10,20,11,24,0.00,2,,82,2017-04-18,2017-4-18
2017,NA,54,50,46,44,39,36,77,66,54,30.53,30.42,30.23,10,10,10,20,11,25,T,6,Rain,148,2017-04-19,2017-4-19
2017,NA,66,58,49,51,48,44,89,73,56,30.21,30.1,30.02,10,8,2,18,9,22,0.24,8,Rain,74,2017-04-20,2017-4-20
2017,NA,54,51,48,49,47,46,93,85,77,30.05,29.96,29.89,10,6,0,21,13,24,0.27,8,Fog-Rain,61,2017-04-21,2017-4-21
2017,NA,56,53,49,50,47,38,93,74,54,30.01,29.93,29.89,10,8,0,18,7,24,0.07,8,Rain,38,2017-04-22,2017-4-22
2017,NA,65,57,48,44,38,33,71,51,31,30.13,30.09,30.02,10,10,10,16,8,21,0.00,5,,80,2017-04-23,2017-4-23
2017,NA,59,54,48,46,44,40,93,75,57,30.18,30.14,30.11,10,10,9,15,7,20,T,7,,61,2017-04-24,2017-4-24
2017,NA,57,54,50,52,49,46,96,88,80,30.12,30.01,29.86,10,8,2,32,21,39,0.64,8,Rain,55,2017-04-25,2017-4-25
2017,NA,62,58,53,57,54,50,93,89,84,29.84,29.78,29.75,10,4,0,25,9,30,0.28,8,Rain,47,2017-04-26,2017-4-26
2017,NA,69,63,56,60,57,55,100,83,66,29.92,29.88,29.84,10,4,0,17,7,22,0.01,8,Fog-Rain,150,2017-04-27,2017-4-27
2017,NA,85,70,55,61,55,44,100,65,30,30.03,29.95,29.86,10,5,0,20,7,25,T,6,Fog,105,2017-04-28,2017-4-28
2017,NA,88,77,65,64,59,52,87,62,36,30.11,30,29.93,10,10,7,31,12,44,0.06,7,Rain-Thunderstorm,258,2017-04-29,2017-4-29
2017,NA,69,61,53,51,41,38,66,54,42,30.25,30.2,30.12,10,10,10,18,11,24,0.00,8,,80,2017-04-30,2017-4-30
2017,NA,73,62,50,60,51,46,93,77,61,30.15,29.95,29.64,10,5,0,20,11,25,T,7,,61,2017-05-01,2017-5-1
2017,NA,78,70,62,63,51,33,84,54,23,29.77,29.61,29.56,10,10,9,32,15,42,T,6,Rain,227,2017-05-02,2017-5-2
2017,NA,67,61,55,39,35,31,46,38,29,30.2,29.93,29.78,10,10,10,26,15,37,0.00,4,,303,2017-05-03,2017-5-3
2017,NA,66,59,51,41,35,27,59,42,24,30.29,30.22,30.12,10,10,10,18,10,25,0.00,4,,87,2017-05-04,2017-5-4
2017,NA,64,59,53,61,53,42,93,77,61,30.1,29.72,29.51,10,5,0,25,13,32,2.27,8,Fog-Rain-Thunderstorm,80,2017-05-05,2017-5-5
2017,NA,67,62,56,60,55,45,93,74,55,29.51,29.43,29.37,10,7,0,28,16,39,0.06,7,Rain-Thunderstorm,174,2017-05-06,2017-5-6
2017,NA,58,54,50,44,40,37,66,57,47,29.79,29.65,29.5,10,10,7,24,14,30,T,6,Rain,256,2017-05-07,2017-5-7
2017,NA,62,55,48,38,32,26,61,44,27,29.92,29.86,29.8,10,10,10,24,14,31,0.00,5,,304,2017-05-08,2017-5-8
2017,NA,64,57,49,42,37,29,66,48,29,30,29.95,29.91,10,10,10,18,10,20,0.00,6,,56,2017-05-09,2017-5-9
2017,NA,65,59,52,43,38,35,71,53,34,30.06,30.01,29.99,10,10,10,14,7,23,0.00,5,,75,2017-05-10,2017-5-10
2017,NA,64,58,52,41,37,33,64,49,34,30.04,30,29.95,10,10,10,13,8,26,0.00,6,,58,2017-05-11,2017-5-11
2017,NA,64,58,52,44,42,40,77,62,46,30.08,30.04,30.02,10,10,10,18,9,24,0.00,5,,112,2017-05-12,2017-5-12
2017,NA,55,51,47,49,46,43,86,76,66,30,29.87,29.75,10,6,2,29,15,35,1.74,8,Rain,62,2017-05-13,2017-5-13
2017,NA,70,59,47,46,44,40,86,64,42,29.74,29.65,29.56,10,10,7,35,15,44,0.01,6,Rain,323,2017-05-14,2017-5-14
2017,NA,70,62,54,45,43,41,62,49,36,29.92,29.73,29.62,10,10,10,32,20,47,0.00,4,,308,2017-05-15,2017-5-15
2017,NA,83,71,59,48,45,41,60,42,23,30.02,29.97,29.92,10,10,10,21,9,24,0.00,4,,288,2017-05-16,2017-5-16
2017,NA,94,80,66,63,55,46,58,44,30,30.01,29.95,29.88,10,10,10,21,10,27,0.00,2,,211,2017-05-17,2017-5-17
2017,NA,97,89,80,64,61,57,55,41,27,29.95,29.88,29.81,10,10,10,23,12,29,0.00,4,,220,2017-05-18,2017-5-18
2017,NA,96,82,68,65,60,50,58,43,28,30.04,29.88,29.82,10,10,10,24,13,31,0.00,4,,271,2017-05-19,2017-5-19
2017,NA,68,63,58,50,43,38,60,49,37,30.33,30.24,30.06,10,10,8,22,11,27,0.01,7,Rain,71,2017-05-20,2017-5-20
2017,NA,71,64,57,47,38,30,62,43,23,30.38,30.32,30.25,10,10,10,21,9,25,0.00,5,,153,2017-05-21,2017-5-21
2017,NA,63,60,57,60,55,44,100,78,55,30.23,30.06,29.95,10,6,2,15,8,20,0.64,8,Rain,145,2017-05-22,2017-5-22
2017,NA,70,65,59,58,51,43,90,64,37,29.96,29.9,29.78,10,10,10,14,6,16,0.00,8,,29,2017-05-23,2017-5-23
2017,NA,69,63,57,54,51,47,86,67,48,29.82,29.76,29.72,10,10,10,20,10,26,0.03,7,Rain,74,2017-05-24,2017-5-24
2017,NA,59,58,56,56,55,51,93,84,75,29.8,29.62,29.47,10,4,0,25,15,29,0.87,8,Rain-Thunderstorm,59,2017-05-25,2017-5-25
2017,NA,76,67,57,57,54,51,93,68,43,29.8,29.56,29.45,10,9,0,24,12,36,0.12,7,Rain-Thunderstorm,328,2017-05-26,2017-5-26
2017,NA,72,67,62,56,54,53,78,66,53,29.92,29.86,29.81,10,10,10,18,8,21,0.00,5,,301,2017-05-27,2017-5-27
2017,NA,71,65,58,58,55,48,93,73,52,29.97,29.93,29.89,10,8,2,16,9,24,0.00,7,,118,2017-05-28,2017-5-28
2017,NA,62,59,56,54,53,51,86,77,67,30.09,29.98,29.87,10,9,5,17,10,22,0.16,8,Rain,68,2017-05-29,2017-5-29
2017,NA,64,60,55,54,52,51,86,79,72,30.17,30.14,30.1,10,10,7,14,9,19,0.01,8,Rain,144,2017-05-30,2017-5-30
